District Name,County,Enrollment Total,Internet Access Rate,Device Access Rate,Lack Internet Total,Lack Device Total,Provided Internet Rate,Provided Device Rate,Provided Internet Total,Provided Device Total,Home Internet Total,Home Device Total,White Percentage,Black Percentage,Latinx Percentage,Asian Percentage,Native Percentage,Multiracial Percentage
NYC DOE,NEW YORK,899525,87.3%,86.0%,114073,125710,33.2%,54.9%,298655,493652,486797,280163,16.0%,21.0%,41.2%,18.7%,1.2%,1.9%
BUFFALO,ERIE,30901,98.4%,96.7%,504,1011,12.1%,96.3%,3747,29749,26649,140,18.8%,44.1%,20.4%,11.6%,0.6%,4.5%
YONKERS,WESTCHESTER,25744,92.9%,90.9%,1755,2295,6.6%,23.6%,1625,5985,21357,17067,15.5%,16.7%,60.1%,5.3%,0.5%,2.0%
ROCHESTER,MONROE,23856,84.4%,95.2%,4182,1116,35.1%,86.8%,9429,20384,13253,1993,9.3%,53.3%,32.9%,2.8%,0.2%,1.5%
SYRACUSE,ONONDAGA,19427,75.9%,81.8%,4684,3541,8.0%,62.2%,1557,12086,13186,3800,21.7%,48.2%,14.4%,7.0%,1.1%,7.7%
BRENTWOOD,SUFFOLK,17992,88.3%,77.8%,1826,4044,5.6%,38.8%,873,7066,12854,7091,2.7%,8.0%,86.5%,2.0%,0.3%,0.4%
WAPPINGERS,DUTCHESS,12584,98.2%,78.9%,186,3759,0.9%,31.3%,95,5583,10008,8485,67.1%,7.1%,19.1%,4.3%,0.0%,2.4%
SACHEM,SUFFOLK,12322,96.8%,48.1%,402,6585,0.0%,4.8%,0,607,12100,5500,68.4%,3.5%,19.2%,5.9%,0.2%,2.8%
HUDSON FALLS,WASHINGTON,11335,100.0%,99.1%,0,100,2.0%,91.4%,225,10355,10970,880,90.0%,0.9%,3.1%,0.6%,0.2%,5.3%
NEWBURGH,ORANGE,10939,99.7%,100.0%,30,0,7.9%,100.0%,867,10945,10045,0,16.3%,21.0%,55.9%,2.3%,0.2%,4.3%
GREECE,MONROE,10518,95.7%,100.0%,454,0,0.7%,100.0%,77,10372,9987,0,56.4%,15.5%,17.2%,4.4%,0.1%,6.4%
NEW ROCHELLE,WESTCHESTER,10204,98.8%,100.0%,127,0,5.5%,64.7%,558,7329,9537,3994,24.3%,19.4%,50.1%,4.6%,0.1%,1.4%
UTICA,ONEIDA,9739,100.0%,100.0%,0,0,9.0%,75.0%,872,7242,8789,2419,28.7%,24.6%,20.2%,19.9%,0.2%,6.3%
WILLIAMSVILLE,ERIE,9588,100.0%,100.0%,0,0,0.4%,76.2%,35,7261,9557,2262,72.2%,4.1%,4.2%,14.8%,0.2%,4.5%
SHENENDEHOWA,SARATOGA,9330,99.5%,96.7%,45,279,0.2%,68.1%,22,5773,9263,2426,73.4%,2.8%,7.3%,11.2%,0.0%,5.2%
SCHENECTADY,SCHENECTADY,9305,99.5%,96.7%,48,307,6.3%,63.3%,565,5832,8408,3077,19.7%,28.7%,22.1%,20.5%,0.2%,8.9%
EAST RAMAPO,ROCKLAND,9254,93.7%,85.9%,585,1303,6.1%,78.0%,569,7205,8099,727,4.0%,24.3%,67.8%,3.0%,0.2%,0.7%
WILLIAM FLOYD,SUFFOLK,8933,97.7%,29.7%,205,6736,0.0%,14.9%,0,1424,8719,1419,37.7%,15.8%,38.2%,2.4%,0.4%,5.5%
LONGWOOD,SUFFOLK,8902,80.1%,83.8%,531,933,0.0%,53.4%,0,3069,2144,1740,44.8%,17.5%,29.0%,3.3%,0.4%,5.1%
ALBANY,ALBANY,8623,98.6%,32.3%,117,5838,1.3%,27.3%,113,2350,8393,434,19.2%,45.2%,19.7%,8.9%,0.3%,6.8%
MIDDLE COUNTRY,SUFFOLK,8411,100.0%,100.0%,0,0,0.9%,89.4%,72,7463,8339,885,57.0%,5.0%,26.6%,8.4%,0.0%,3.0%
WEBSTER,MONROE,8180,100.0%,100.0%,0,0,0.6%,50.0%,48,8107,8048,8107,82.3%,3.6%,7.2%,3.0%,0.2%,3.8%
SMITHTOWN,SUFFOLK,8110,100.0%,100.0%,0,0,0.6%,100.0%,50,8110,8060,0,79.1%,1.5%,10.9%,6.1%,0.1%,2.2%
SEWANHAKA,NASSAU,8032,100.0%,100.0%,0,0,0.7%,100.0%,56,8032,7976,0,30.6%,22.1%,20.9%,25.0%,0.2%,1.2%
HAVERSTRAW-STONY POINT,ROCKLAND,7694,100.0%,100.0%,0,0,3.5%,100.0%,270,7694,7424,0,21.1%,13.7%,60.6%,3.3%,0.2%,1.1%
SUFFERN,ROCKLAND,7642,100.0%,100.0%,0,0,1.3%,100.0%,102,7642,7585,0,48.1%,8.3%,31.2%,8.1%,0.4%,4.0%
HALF HOLLOW HILLS,SUFFOLK,7543,100.0%,100.0%,0,0,0.3%,100.0%,21,7543,7522,0,50.6%,12.3%,13.4%,18.4%,0.3%,5.0%
NORTH SYRACUSE,ONONDAGA,7531,99.3%,99.5%,49,37,0.2%,97.8%,13,7133,7354,123,79.4%,4.6%,4.8%,4.0%,0.5%,6.7%
CENTRAL ISLIP,SUFFOLK,7434,84.8%,61.8%,1044,2794,2.9%,2.9%,200,215,5622,4310,3.9%,14.8%,78.8%,1.8%,0.1%,0.7%
ARLINGTON,DUTCHESS,7429,100.0%,99.0%,0,84,2.3%,74.8%,168,6019,7224,1941,63.9%,8.0%,19.9%,3.5%,0.1%,4.6%
MOUNT VERNON,WESTCHESTER,7401,100.0%,100.0%,0,0,12.3%,78.3%,879,5796,6265,1605,4.5%,65.7%,26.4%,1.8%,0.2%,1.4%
CLARKSTOWN,ROCKLAND,7328,100.0%,96.6%,0,250,0.2%,63.8%,12,4676,7324,2400,56.2%,4.6%,22.2%,14.1%,0.1%,2.7%
MIDDLETOWN,ORANGE,7286,100.0%,100.0%,0,0,1.4%,100.0%,103,7286,7183,0,11.9%,22.7%,58.8%,2.8%,0.1%,3.6%
EAST MEADOW,NASSAU,7190,96.4%,91.5%,259,683,0.2%,63.7%,17,5115,6923,2229,47.0%,4.3%,22.4%,25.4%,0.1%,0.8%
LEVITTOWN,NASSAU,7082,100.0%,100.0%,0,0,0.0%,100.0%,2,7082,7080,0,61.9%,1.3%,22.5%,12.5%,0.1%,1.7%
PATCHOGUE-MEDFORD,SUFFOLK,6998,99.9%,78.6%,7,1496,0.7%,67.8%,48,4744,6935,752,43.2%,5.0%,46.1%,2.4%,0.1%,3.2%
WHITE PLAINS,WESTCHESTER,6963,100.0%,100.0%,0,0,2.6%,100.0%,178,6963,6785,0,22.2%,12.1%,57.8%,3.9%,0.0%,3.9%
LIVERPOOL,ONONDAGA,6827,100.0%,100.0%,0,0,1.0%,100.0%,68,6827,6759,0,69.7%,9.9%,7.1%,6.2%,0.5%,6.7%
NIAGARA FALLS,NIAGARA,6814,100.0%,100.0%,0,0,11.1%,70.7%,761,4820,6082,1994,36.9%,34.6%,9.1%,2.7%,2.1%,14.7%
FREEPORT,NASSAU,6802,95.7%,98.5%,294,102,4.2%,94.4%,285,6504,6223,286,5.4%,21.7%,69.9%,0.9%,0.4%,1.7%
GREAT NECK,NASSAU,6801,100.0%,100.0%,0,0,1.2%,100.0%,84,6801,6717,0,43.0%,1.0%,9.3%,43.9%,0.0%,2.8%
MONROE WOODBURY,ORANGE,6699,100.0%,100.0%,0,0,1.4%,99.3%,92,6653,6607,46,43.7%,9.4%,36.6%,7.0%,0.2%,3.2%
MASSAPEQUA,NASSAU,6557,100.0%,100.0%,0,0,0.1%,100.0%,8,6557,6549,0,88.3%,0.4%,7.3%,1.9%,0.2%,2.0%
SYOSSET,NASSAU,6522,100.0%,100.0%,0,0,0.0%,100.0%,0,6522,6522,0,50.5%,0.5%,4.9%,41.8%,0.1%,2.2%
UNIONDALE,NASSAU,6428,99.9%,100.0%,9,0,1.0%,54.2%,63,3484,6356,2944,1.4%,35.9%,61.1%,1.1%,0.1%,0.5%
KENMORE,ERIE,6286,100.0%,100.0%,0,0,1.5%,62.9%,96,3956,6190,2330,72.1%,7.7%,9.3%,3.4%,0.6%,6.7%
HEMPSTEAD,NASSAU,6207,92.4%,99.1%,483,58,15.9%,65.4%,1003,4348,4831,2243,1.6%,21.0%,74.9%,0.8%,0.4%,1.2%
KINGSTON,ULSTER,6098,99.3%,98.3%,44,104,1.4%,52.7%,87,3218,5966,2781,51.5%,11.6%,24.9%,2.7%,0.1%,9.4%
WEST SENECA,ERIE,6057,93.0%,100.0%,422,0,0.3%,100.0%,21,6057,5614,0,84.3%,4.1%,5.7%,1.8%,0.3%,3.8%
SARATOGA SPRINGS,SARATOGA,5999,98.6%,100.0%,86,0,1.4%,81.6%,86,4893,5913,1106,87.9%,1.6%,4.4%,2.0%,0.0%,4.1%
NORTH COLONIE CSD,ALBANY,5928,100.0%,100.0%,0,0,1.1%,100.0%,63,5928,5865,0,61.7%,6.6%,5.7%,19.8%,0.3%,5.8%
SOUTH HUNTINGTON,SUFFOLK,5731,100.0%,100.0%,0,0,1.5%,86.3%,86,5731,5645,912,36.6%,6.6%,47.9%,5.3%,0.3%,3.3%
BAY SHORE,SUFFOLK,5721,92.9%,84.1%,404,912,1.3%,55.4%,74,3168,5246,1641,26.9%,16.9%,48.0%,4.8%,0.2%,3.1%
COMMACK,SUFFOLK,5683,100.0%,100.0%,0,0,0.0%,63.1%,0,5683,5733,3322,74.8%,1.8%,10.6%,10.3%,0.2%,2.2%
FAIRPORT,MONROE,5624,99.7%,100.0%,16,0,0.7%,60.5%,38,3403,5549,2225,84.8%,4.0%,5.3%,2.6%,0.0%,3.3%
THREE VILLAGE,SUFFOLK,5623,100.0%,100.0%,0,0,0.4%,100.0%,21,5623,5597,0,75.5%,1.4%,8.1%,12.1%,0.1%,2.8%
ELMIRA,CHEMUNG,5610,92.7%,75.9%,409,1357,2.7%,43.6%,150,2460,5046,1824,70.5%,12.8%,3.8%,0.5%,0.1%,12.3%
LAKELAND,WESTCHESTER,5561,100.0%,100.0%,0,0,0.3%,100.0%,18,5561,5545,0,61.5%,6.7%,23.8%,5.0%,0.1%,2.8%
LINDENHURST,SUFFOLK,5556,100.0%,100.0%,0,0,0.9%,94.8%,51,5266,5505,290,63.3%,3.0%,28.9%,3.4%,0.1%,1.3%
PITTSFORD,MONROE,5544,100.0%,100.0%,0,0,2.7%,16.0%,152,888,5392,4655,72.4%,2.8%,5.5%,13.0%,0.1%,6.3%
OCEANSIDE,NASSAU,5484,100.0%,100.0%,0,0,0.4%,70.8%,21,5484,5480,2265,69.5%,2.1%,21.6%,4.1%,0.0%,2.7%
ROME,ONEIDA,5481,100.0%,100.0%,0,0,6.9%,83.4%,376,4572,5105,909,77.9%,8.6%,8.8%,1.5%,0.2%,3.0%
MAMARONECK,WESTCHESTER,5441,100.0%,100.0%,0,0,2.7%,40.9%,147,2242,5290,3244,67.1%,2.5%,22.3%,3.6%,0.1%,4.4%
LANCASTER,ERIE,5427,100.0%,100.0%,0,0,0.4%,100.0%,22,5427,5405,0,90.9%,1.2%,3.2%,2.0%,0.2%,2.5%
RIVERHEAD,SUFFOLK,5420,99.0%,89.0%,52,497,5.6%,69.9%,306,3148,5090,856,30.6%,8.8%,57.6%,1.1%,0.2%,1.7%
BALDWINSVILLE,ONONDAGA,5348,100.0%,100.0%,0,0,0.8%,100.0%,45,5348,5298,0,87.1%,2.3%,4.7%,0.7%,0.2%,5.0%
CONNETQUOT,SUFFOLK,5341,100.0%,90.5%,0,523,0.0%,20.5%,0,1124,5351,3843,71.7%,2.7%,17.0%,6.4%,0.2%,2.0%
FARMINGDALE,NASSAU,5286,100.0%,100.0%,0,0,2.4%,83.1%,111,5286,4575,1078,57.6%,6.5%,26.9%,5.9%,0.6%,2.4%
RUSH HENRIETTA,MONROE,5204,100.0%,100.0%,0,0,0.5%,100.0%,25,5204,5179,0,55.6%,13.2%,8.1%,15.9%,0.2%,7.0%
HICKSVILLE,NASSAU,5186,99.8%,100.0%,10,0,0.0%,86.4%,0,5062,5045,800,24.6%,2.0%,34.8%,36.5%,0.2%,1.9%
BELLMORE-MERRICK,NASSAU,5140,99.9%,100.0%,3,0,0.1%,6.8%,3,352,5137,4787,77.3%,2.7%,11.2%,7.0%,0.4%,1.4%
PORT WASHINGTON,NASSAU,5061,100.0%,100.0%,0,0,0.9%,100.0%,46,5061,5015,0,61.8%,1.4%,21.7%,11.0%,0.1%,4.1%
PLAINVIEW,NASSAU,4972,100.0%,100.0%,0,0,0.0%,100.0%,0,4972,4972,0,64.1%,0.2%,6.4%,27.2%,0.0%,2.1%
BINGHAMTON,BROOME,4963,95.3%,98.5%,232,71,1.6%,98.5%,80,4803,4602,0,40.6%,29.0%,15.3%,2.8%,0.1%,12.1%
OSSINING,WESTCHESTER,4942,100.0%,100.0%,0,0,2.3%,71.6%,113,3544,4800,1405,19.6%,9.4%,64.0%,3.9%,0.0%,3.1%
ITHACA,TOMPKINS,4901,100.0%,100.0%,1,0,2.4%,100.0%,119,4901,4763,0,63.4%,7.5%,8.1%,9.9%,0.2%,10.9%
BRONXVILLE,WESTCHESTER,4866,100.0%,100.0%,0,0,0.0%,77.8%,0,3786,4866,1080,79.4%,0.3%,6.9%,7.2%,0.0%,6.1%
WESTBURY,NASSAU,4843,82.2%,76.4%,767,1161,11.1%,52.3%,477,2568,3055,1184,2.3%,21.4%,74.5%,1.2%,0.3%,0.2%
PINE BUSH,ORANGE,4808,84.2%,98.4%,759,68,0.2%,51.3%,10,2197,4049,2018,70.5%,9.7%,15.7%,1.9%,0.3%,1.9%
NORTHPORT,SUFFOLK,4794,100.0%,100.0%,1,0,0.0%,78.5%,1,4794,4776,1311,80.3%,0.7%,13.2%,2.9%,0.0%,2.8%
COPIAGUE,SUFFOLK,4788,100.0%,100.0%,0,0,4.8%,100.0%,226,4788,4472,0,11.9%,20.5%,64.2%,1.7%,0.1%,1.6%
GUILDERLAND,ALBANY,4764,100.0%,100.0%,0,0,0.8%,62.4%,40,2933,4724,1764,72.8%,4.1%,4.6%,14.5%,0.3%,3.7%
HIGHLAND,ULSTER,4752,100.0%,100.0%,0,0,1.5%,78.7%,72,3744,4692,1011,70.5%,6.7%,14.1%,3.8%,0.1%,4.8%
SOUTH COLONIE,ALBANY,4751,98.0%,60.8%,97,1872,0.0%,60.8%,2,2898,4678,0,62.8%,8.9%,9.3%,10.8%,0.1%,8.1%
VALLEY STREAM CHS,NASSAU,4642,100.0%,100.0%,0,0,3.4%,96.4%,155,4475,4460,167,15.7%,29.5%,29.7%,23.2%,0.2%,1.8%
JAMESTOWN,CHAUTAUQUA,4636,96.3%,91.6%,172,388,0.0%,87.0%,0,4032,4460,212,61.0%,3.3%,24.3%,0.4%,0.2%,10.8%
SCARSDALE,WESTCHESTER,4626,100.0%,100.0%,0,0,0.0%,74.0%,0,3423,4626,1203,61.7%,1.2%,7.7%,22.6%,0.0%,6.7%
PORT CHESTER-RYE,WESTCHESTER,4595,99.1%,100.0%,43,0,6.9%,81.0%,318,3723,4216,872,11.8%,3.2%,82.5%,1.6%,0.3%,0.5%
FRONTIER,ERIE,4590,100.0%,98.7%,0,60,1.5%,98.1%,68,4530,4432,30,88.5%,1.1%,5.3%,1.2%,0.3%,3.6%
NORTH BABYLON,SUFFOLK,4461,99.9%,99.8%,5,11,0.0%,97.8%,0,4353,4456,87,34.0%,23.8%,31.9%,6.4%,0.5%,3.4%
PENFIELD,MONROE,4450,100.0%,100.0%,0,0,2.0%,100.0%,88,4460,4365,0,82.2%,4.5%,5.4%,3.0%,0.1%,4.8%
ORCHARD PARK,ERIE,4439,100.0%,100.0%,0,0,0.3%,99.2%,12,4403,3811,36,92.3%,0.8%,2.8%,1.5%,0.1%,2.5%
BALDWIN,NASSAU,4433,100.0%,62.5%,0,1663,3.2%,62.5%,143,2771,4290,0,11.3%,47.0%,32.4%,5.1%,0.2%,3.9%
WEST GENESEE,ONONDAGA,4348,100.0%,100.0%,0,0,0.8%,100.0%,34,4348,4314,0,84.9%,3.4%,4.6%,1.4%,0.8%,4.9%
HUNTINGTON,SUFFOLK,4285,99.0%,100.0%,43,0,28.0%,100.0%,1200,4285,3042,0,33.7%,7.1%,54.4%,2.0%,0.0%,2.8%
VICTOR,ONTARIO,4283,100.0%,100.0%,0,0,0.9%,35.7%,39,1507,4244,2710,81.9%,2.4%,7.9%,2.7%,0.3%,4.8%
NISKAYUNA,SCHENECTADY,4258,100.0%,100.0%,0,0,0.8%,48.4%,32,2061,4226,2197,67.5%,4.6%,6.3%,16.4%,0.2%,5.0%
HILTON,MONROE,4237,100.0%,69.6%,0,1282,1.3%,69.6%,54,2941,4183,0,87.5%,2.3%,5.8%,1.1%,0.1%,3.2%
BETHLEHEM,ALBANY,4198,100.0%,100.0%,0,0,0.2%,100.0%,9,4198,4189,0,83.6%,2.4%,3.3%,6.9%,0.0%,3.7%
CORNING,STEUBEN,4153,90.7%,100.0%,412,0,6.3%,100.0%,279,4147,3724,0,85.6%,1.9%,3.1%,4.3%,0.3%,4.7%
BALLSTON SPA,SARATOGA,4093,100.0%,100.0%,2,0,3.5%,100.0%,145,4093,3947,0,90.7%,1.6%,4.0%,1.6%,0.1%,2.0%
CLARENCE,ERIE,4076,100.0%,100.0%,0,0,1.5%,100.0%,61,4076,4015,0,87.7%,1.1%,3.8%,3.8%,0.1%,3.5%
FAYETTVLLE-MANLIUS,ONONDAGA,4057,100.0%,100.0%,2,0,0.5%,100.0%,21,4057,4034,0,79.0%,2.7%,3.5%,11.0%,0.3%,3.4%
SOUTH COUNTRY,SUFFOLK,4030,100.0%,99.2%,0,33,2.0%,90.3%,83,3642,3967,357,36.6%,16.3%,41.2%,1.7%,0.4%,3.8%
HERRICKS,NASSAU,4028,95.7%,100.0%,173,0,0.0%,18.3%,1,737,3854,3297,22.5%,0.6%,5.3%,70.1%,0.0%,1.5%
EAST GREENBUSH,RENSSELAER,4017,100.0%,100.0%,0,0,4.0%,100.0%,161,4017,3856,0,77.6%,3.6%,5.8%,7.3%,0.2%,5.5%
AUBURN,CAYUGA,4011,100.0%,100.0%,0,0,7.3%,78.2%,302,3145,3807,876,75.2%,6.5%,5.8%,0.7%,0.1%,11.8%
VALLEY-MONTGMRY,ORANGE,3963,100.0%,100.0%,0,0,1.2%,100.0%,48,3963,3915,0,58.5%,8.5%,26.6%,1.6%,0.2%,4.6%
GARDEN CITY,NASSAU,3916,100.0%,77.7%,0,873,0.0%,52.1%,0,2039,3916,1004,82.5%,0.8%,6.5%,8.0%,0.0%,2.1%
GATES CHILI,MONROE,3891,97.0%,100.0%,92,0,1.1%,99.9%,33,3888,2944,3,54.3%,17.7%,14.0%,5.4%,0.3%,8.3%
WEST ISLIP,SUFFOLK,3885,100.0%,98.9%,0,45,0.0%,95.8%,0,3754,3825,118,82.8%,0.4%,12.2%,2.0%,0.1%,2.6%
DEER PARK,SUFFOLK,3879,97.3%,100.0%,105,0,0.0%,77.1%,0,3021,3774,895,34.1%,20.0%,27.4%,15.0%,0.2%,3.3%
WATERTOWN,JEFFERSON,3862,100.0%,100.0%,0,0,1.7%,95.4%,66,3691,3876,176,69.3%,8.3%,10.1%,1.8%,0.4%,10.1%
MAHOPAC,PUTNAM,3850,100.0%,100.0%,0,0,0.2%,100.0%,9,3850,3841,0,70.2%,2.2%,23.5%,2.0%,0.0%,2.0%
LOCKPORT,NIAGARA,3833,100.0%,100.0%,0,0,2.9%,100.0%,108,3833,3605,0,70.2%,10.1%,9.6%,0.6%,0.4%,9.0%
CARMEL,PUTNAM,3812,100.0%,100.0%,0,0,1.9%,45.0%,72,1719,3732,2099,59.8%,2.8%,31.4%,2.3%,0.2%,3.5%
HORSEHEADS,CHEMUNG,3810,100.0%,100.0%,0,0,1.5%,42.9%,59,1634,3751,2175,86.5%,1.2%,3.8%,3.5%,0.1%,4.9%
BEDFORD,WESTCHESTER,3777,100.0%,92.5%,0,286,2.9%,90.6%,109,3476,3668,75,51.0%,2.7%,39.1%,3.7%,0.0%,3.6%
WASHINGTONVILLE,ORANGE,3713,100.0%,100.0%,0,0,1.1%,64.6%,42,2400,3655,1313,56.9%,9.5%,28.4%,2.3%,0.3%,2.7%
CHURCHVILLE CHILI,MONROE,3692,100.0%,100.0%,0,0,1.4%,100.0%,52,3692,3640,0,76.4%,8.0%,7.7%,2.2%,0.2%,5.6%
WARWICK VALLEY,ORANGE,3663,100.0%,100.0%,1,0,0.2%,75.4%,9,2761,3651,902,74.1%,3.7%,16.5%,2.2%,0.1%,3.4%
LONG BEACH,NASSAU,3661,100.0%,100.0%,0,0,1.2%,74.9%,43,2743,3620,918,59.6%,7.7%,26.9%,3.9%,0.0%,1.8%
AMSTERDAM,MONTGOMERY,3628,99.6%,100.0%,13,0,2.5%,75.2%,79,2740,3106,903,38.8%,4.9%,49.8%,1.2%,0.3%,5.0%
OSWEGO,OSWEGO,3625,100.0%,100.0%,0,0,5.9%,61.9%,213,2244,3412,1379,89.6%,1.6%,5.2%,1.0%,0.2%,2.4%
WEST BABYLON,SUFFOLK,3620,100.0%,95.4%,0,167,0.2%,57.3%,7,2076,3611,1377,56.6%,8.9%,28.9%,3.8%,0.0%,1.9%
HARRISON,WESTCHESTER,3606,99.9%,100.0%,2,0,0.7%,52.3%,26,1880,3590,1716,63.9%,2.2%,18.8%,11.5%,0.1%,3.5%
WEST IRONDEQUOIT,MONROE,3590,100.0%,100.0%,0,0,0.0%,100.0%,0,3590,3590,0,70.1%,9.3%,12.6%,2.9%,0.3%,4.8%
UNION-ENDICOTT,BROOME,3587,100.0%,100.0%,0,0,2.3%,100.0%,81,3587,3506,0,66.5%,10.3%,9.4%,2.0%,0.4%,11.3%
CHAPPAQUA,WESTCHESTER,3579,100.0%,100.0%,0,0,0.1%,60.8%,3,2412,3576,1557,72.7%,0.9%,6.5%,15.0%,0.0%,4.9%
CENTRAL SQUARE,OSWEGO,3566,99.0%,100.0%,35,0,2.1%,100.0%,73,3566,3445,0,94.1%,0.9%,2.0%,0.4%,0.4%,2.2%
SPENCERPORT,MONROE,3560,100.0%,100.0%,0,0,0.3%,100.0%,9,3560,3551,0,78.9%,5.0%,8.6%,1.7%,0.1%,5.6%
BROOKHAVEN-COMSEWOGUE UFSD,SUFFOLK,3534,100.0%,100.0%,0,0,0.0%,100.0%,0,3534,3534,0,57.3%,3.6%,32.9%,2.7%,0.3%,3.2%
TROY,RENSSELAER,3531,100.0%,100.0%,0,0,3.4%,100.0%,120,3531,3411,0,39.8%,28.0%,18.8%,1.6%,0.3%,11.6%
ROCKVILLE CENTRE,NASSAU,3499,100.0%,100.0%,0,0,1.1%,100.0%,37,3489,3478,0,72.9%,6.5%,14.6%,2.7%,0.0%,3.3%
EAST ISLIP,SUFFOLK,3477,100.0%,100.0%,0,0,0.4%,97.3%,13,3382,3464,95,71.9%,2.4%,19.7%,3.2%,0.2%,2.7%
PEEKSKILL,WESTCHESTER,3443,68.7%,88.9%,1001,381,4.1%,68.5%,131,2358,2061,701,6.5%,16.8%,72.5%,1.1%,0.1%,3.0%
ELMONT,NASSAU,3431,100.0%,100.0%,0,0,100.0%,100.0%,3431,3431,0,0,5.0%,37.6%,30.6%,24.1%,0.4%,2.3%
INDIAN RIVER,JEFFERSON,3394,97.2%,100.0%,95,0,1.5%,47.3%,52,1607,3252,1792,66.4%,7.5%,14.9%,2.8%,0.5%,7.9%
MINISINK VALLEY,ORANGE,3393,100.0%,94.6%,0,182,0.0%,46.2%,0,1568,1697,1644,73.9%,4.7%,19.1%,2.2%,0.2%,0.0%
YORKTOWN,WESTCHESTER,3380,99.9%,100.0%,2,0,0.2%,88.3%,5,2991,2894,398,71.9%,2.8%,16.0%,6.6%,0.0%,2.6%
EAST SYRACUSE MINOA,ONONDAGA,3377,100.0%,100.0%,0,0,1.0%,100.0%,35,3377,3347,0,83.3%,6.2%,3.1%,3.6%,0.4%,3.4%
BRIGHTON,MONROE,3362,100.0%,100.0%,0,0,0.1%,76.0%,2,2555,3362,807,67.5%,7.3%,6.6%,10.4%,0.0%,8.1%
HAMBURG,ERIE,3360,100.0%,88.1%,0,455,0.4%,60.0%,15,2299,3345,1078,92.3%,0.8%,3.2%,0.9%,0.1%,2.6%
HYDE PARK,DUTCHESS,3309,100.0%,100.0%,0,0,0.8%,92.1%,25,3040,3285,261,58.4%,12.5%,21.4%,1.8%,0.1%,5.8%
NIAGARA WHEATFIELD,NIAGARA,3297,100.0%,100.0%,0,0,5.6%,20.9%,185,689,3112,2608,79.3%,2.5%,3.9%,2.2%,6.2%,6.0%
SWEET HOME,ERIE,3287,100.0%,100.0%,0,0,1.4%,100.0%,45,3287,3242,0,61.4%,19.7%,5.1%,8.6%,0.2%,5.1%
FULTON,OSWEGO,3266,100.0%,100.0%,0,0,1.9%,100.0%,62,3266,3202,0,89.4%,1.2%,6.0%,0.4%,0.4%,2.5%
CANANDAIGUA,ONTARIO,3263,100.0%,100.0%,0,0,2.5%,100.0%,82,3263,3181,0,86.6%,1.3%,5.8%,1.6%,0.4%,4.3%
ROOSEVELT,NASSAU,3246,96.0%,97.9%,117,68,16.7%,52.1%,485,1662,2299,1460,0.1%,42.1%,57.1%,0.4%,0.0%,0.3%
HAUPPAUGE,SUFFOLK,3230,100.0%,100.0%,0,0,0.1%,59.8%,3,1932,3227,1298,70.3%,3.6%,14.7%,8.8%,0.2%,2.5%
VESTAL,BROOME,3203,100.0%,100.0%,0,0,0.9%,86.0%,30,2753,3173,450,75.3%,4.1%,3.9%,12.6%,0.2%,4.0%
EASTCHESTER,WESTCHESTER,3196,100.0%,100.0%,0,0,0.0%,29.2%,0,933,3196,2263,67.5%,1.9%,12.9%,13.9%,0.2%,3.6%
ROSLYN,NASSAU,3195,100.0%,100.0%,0,0,0.2%,100.0%,6,3195,3189,0,65.9%,3.2%,8.7%,20.3%,0.1%,1.7%
BROCKPORT,MONROE,3188,99.7%,100.0%,11,0,0.7%,96.3%,24,3071,3169,117,78.3%,4.1%,10.4%,1.2%,0.2%,5.9%
JERICHO,NASSAU,3151,99.9%,100.0%,2,0,0.6%,100.0%,20,3151,3129,0,27.0%,2.3%,3.6%,65.5%,0.2%,1.4%
MOUNT MARKHAM,HERKIMER,3117,87.5%,93.0%,130,219,1.9%,62.1%,20,1935,894,963,96.8%,0.5%,1.3%,0.4%,0.1%,1.0%
NORTH TONAWANDA,NIAGARA,3114,100.0%,100.0%,0,0,8.5%,98.1%,266,3055,2848,59,88.2%,2.0%,4.8%,1.0%,0.7%,3.4%
GLEN COVE,NASSAU,3084,98.8%,100.0%,37,0,6.5%,91.1%,202,3073,2884,301,23.5%,7.3%,63.9%,3.2%,0.0%,2.0%
QUEENSBURY,WARREN,3066,99.9%,NA,2,0,0.3%,NA,10,0,3054,0,92.4%,1.3%,2.8%,1.4%,0.0%,2.1%
ESTPRT-S MANOR CSD,SUFFOLK,3065,100.0%,100.0%,0,0,0.7%,52.7%,22,1616,3043,1449,85.3%,1.6%,10.0%,1.4%,0.0%,1.6%
RYE,WESTCHESTER,3061,99.9%,99.4%,2,20,0.1%,53.1%,3,1666,3058,1449,78.4%,1.0%,8.1%,8.5%,0.2%,3.9%
WHITESBORO,ONEIDA,3051,100.0%,100.0%,0,0,4.2%,100.0%,128,3051,2923,0,89.5%,1.5%,4.2%,1.3%,0.1%,3.5%
BURNT HILLS,SARATOGA,3031,100.0%,96.4%,0,109,0.6%,96.4%,18,2922,3013,0,91.7%,1.2%,3.0%,1.4%,0.0%,2.7%
MANHASSET,NASSAU,3027,100.0%,95.6%,0,134,0.4%,83.0%,11,2512,3016,381,61.8%,2.7%,7.7%,25.1%,0.0%,2.7%
CORNWALL,ORANGE,3012,70.2%,65.8%,576,982,0.0%,6.9%,0,197,1357,1695,62.7%,6.5%,21.4%,5.7%,0.2%,3.5%
AMITYVILLE,SUFFOLK,2994,99.7%,99.7%,8,8,9.8%,99.3%,298,2971,2726,14,3.9%,33.6%,57.4%,1.4%,0.7%,3.0%
AMHERST,ERIE,2973,100.0%,100.0%,0,0,2.5%,100.0%,73,2894,2900,0,65.5%,14.5%,5.5%,9.0%,0.3%,5.2%
BREWSTER,PUTNAM,2965,100.0%,100.0%,0,0,6.0%,100.0%,179,2965,2786,0,47.8%,2.8%,43.6%,2.8%,0.1%,2.8%
KATONAH LEWISBORO,WESTCHESTER,2958,100.0%,100.0%,0,0,2.0%,100.0%,60,2958,2898,0,77.4%,1.0%,12.3%,3.2%,0.1%,6.0%
HEWLETT WOODMERE,NASSAU,2928,100.0%,100.0%,0,0,9.9%,77.3%,293,2263,2679,665,60.4%,9.0%,17.9%,10.1%,0.4%,2.2%
STARPOINT,NIAGARA,2917,100.0%,100.0%,0,0,1.1%,100.0%,32,2917,2886,0,93.1%,0.7%,1.9%,1.1%,0.2%,3.1%
BETHPAGE,NASSAU,2915,100.0%,100.0%,0,0,0.1%,100.0%,4,2915,2911,0,61.2%,0.6%,16.3%,19.5%,0.1%,2.4%
LIVONIA,LIVINGSTON,2914,100.0%,100.0%,0,0,1.7%,63.3%,48,2258,2860,1308,94.4%,0.5%,2.5%,0.2%,0.1%,2.3%
TRUMANSBURG,TOMPKINS,2913,100.0%,100.0%,0,0,1.2%,100.0%,36,2913,2877,0,85.6%,1.9%,4.2%,0.2%,0.1%,8.0%
HARBORFIELDS,SUFFOLK,2883,100.0%,100.0%,0,0,1.7%,59.5%,49,2274,2835,1546,71.3%,4.3%,14.9%,5.5%,0.1%,3.9%
SOUTH GLENS FALLS,SARATOGA,2883,100.0%,100.0%,0,0,1.3%,88.8%,38,2558,2845,323,91.5%,0.7%,4.0%,0.6%,0.1%,3.2%
MINEOLA,NASSAU,2867,100.0%,100.0%,0,0,3.0%,100.0%,86,2867,2794,0,49.0%,2.5%,31.9%,13.8%,0.0%,2.7%
EAST IRONDEQUOIT,MONROE,2865,100.0%,99.4%,0,16,2.3%,98.3%,64,2816,2768,33,44.4%,20.8%,24.7%,2.3%,0.1%,7.7%
GOSHEN,ORANGE,2827,100.0%,100.0%,0,0,1.3%,88.0%,38,2483,2789,337,74.1%,4.9%,15.0%,4.1%,0.1%,1.8%
KINGS PARK,SUFFOLK,2808,99.7%,99.6%,9,9,2.6%,71.8%,75,1813,2787,704,83.0%,0.7%,11.3%,3.1%,0.0%,1.8%
SOMERS,WESTCHESTER,2805,100.0%,100.0%,0,0,0.1%,88.2%,3,2474,2802,331,81.7%,1.0%,11.2%,3.5%,0.0%,2.5%
GRAND ISLAND,ERIE,2801,99.7%,88.6%,8,318,0.4%,84.3%,11,2356,2790,120,85.2%,1.5%,4.7%,3.5%,0.3%,4.8%
PELHAM,WESTCHESTER,2796,100.0%,100.0%,0,0,0.7%,74.4%,19,2080,2777,716,64.8%,5.5%,16.2%,5.7%,0.0%,7.8%
SOUTH ORANGETOWN,ROCKLAND,2793,100.0%,100.0%,0,0,0.9%,76.0%,26,2124,2767,669,66.5%,1.9%,18.0%,8.5%,0.0%,5.0%
WALLKILL,ORANGE,2789,100.0%,100.0%,0,0,0.8%,100.0%,23,2789,2766,0,63.6%,6.1%,26.3%,1.1%,0.1%,2.8%
WYANDANCH,SUFFOLK,2785,100.0%,99.2%,0,22,5.0%,93.8%,139,2613,2646,150,1.0%,38.5%,59.6%,0.2%,0.1%,0.5%
CARTHAGE,JEFFERSON,2785,100.0%,100.0%,0,0,1.4%,100.0%,38,2785,2751,0,74.1%,4.9%,11.1%,1.8%,0.7%,7.4%
ROCKY POINT,SUFFOLK,2785,87.9%,100.0%,338,0,2.3%,100.0%,65,2785,2382,0,77.3%,1.5%,16.8%,1.5%,0.0%,3.0%
MOHONASEN,SCHENECTADY,2771,98.4%,89.0%,45,306,0.3%,89.0%,7,2465,2721,0,75.1%,4.7%,9.1%,3.6%,0.3%,7.3%
PLAINEDGE,NASSAU,2767,99.7%,100.0%,9,0,0.0%,100.0%,0,2767,2758,0,84.8%,0.6%,8.8%,4.3%,0.2%,1.2%
LYNBROOK,NASSAU,2762,100.0%,77.0%,0,636,0.1%,77.0%,2,2126,2583,0,66.0%,4.4%,19.7%,6.7%,0.5%,2.6%
MONTICELLO,SULLIVAN,2757,98.1%,99.7%,52,7,2.4%,89.4%,65,2466,2640,284,40.9%,16.7%,33.2%,2.1%,0.1%,7.1%
WANTAGH,NASSAU,2754,100.0%,100.0%,0,0,0.2%,100.0%,5,2754,2749,0,85.5%,0.5%,8.3%,2.8%,0.2%,2.7%
TARRYTOWN,WESTCHESTER,2751,100.0%,100.0%,0,0,3.4%,89.7%,93,2469,2658,282,30.3%,2.5%,60.6%,3.0%,0.0%,3.7%
CATTARAUGUS,CATTARAUGUS,2721,96.8%,100.0%,29,0,27.9%,100.0%,253,2715,625,0,93.2%,0.9%,2.2%,0.2%,0.5%,3.0%
ISLIP,SUFFOLK,2716,98.6%,46.5%,38,1452,1.6%,26.1%,44,710,2634,554,53.5%,5.5%,31.9%,5.4%,0.1%,3.6%
NYACK,ROCKLAND,2711,100.0%,100.0%,0,0,4.6%,100.0%,125,2711,2587,0,41.8%,16.1%,28.6%,7.2%,0.1%,6.2%
LYONS,WAYNE,2685,100.0%,100.0%,0,0,8.8%,100.0%,255,2685,2655,0,76.7%,8.0%,4.7%,0.0%,0.0%,10.6%
BEACON,DUTCHESS,2671,80.2%,100.0%,651,0,1.7%,98.8%,57,2581,2587,32,44.9%,15.5%,29.2%,2.8%,0.0%,7.5%
JAMESVILLE-DEWITT,ONONDAGA,2635,100.0%,100.0%,0,0,1.1%,41.8%,29,1102,2581,1532,72.7%,7.2%,3.7%,9.8%,0.3%,6.3%
SAYVILLE,SUFFOLK,2623,100.0%,100.0%,0,0,0.1%,100.0%,3,2623,2620,0,86.7%,1.0%,7.6%,2.1%,0.1%,2.5%
AVERILL PARK,RENSSELAER,2617,98.3%,80.7%,46,506,1.7%,57.7%,46,1510,2571,601,90.7%,1.1%,3.7%,0.8%,0.0%,3.7%
NORTH SHORE,NASSAU,2518,100.0%,100.0%,0,0,0.8%,100.0%,20,2518,2498,0,75.8%,0.3%,12.3%,7.3%,0.3%,4.0%
GLOVERSVILLE,FULTON,2513,100.0%,94.3%,0,128,1.3%,74.0%,24,1668,1884,457,78.4%,3.9%,9.4%,0.6%,0.3%,7.3%
NEW HARTFORD,ONEIDA,2491,100.0%,100.0%,0,0,0.5%,46.6%,13,1161,2478,1330,85.5%,0.9%,4.7%,5.7%,0.0%,3.2%
MASSENA,SAINT LAWRENCE,2483,100.0%,100.0%,0,0,1.8%,90.2%,45,2180,2405,237,85.1%,1.7%,1.5%,0.9%,9.6%,1.1%
MAINE ENDWELL,BROOME,2448,100.0%,99.4%,0,14,2.9%,94.1%,70,2295,2378,129,87.6%,2.5%,3.8%,1.3%,0.2%,4.6%
PORT JERVIS,ORANGE,2431,100.0%,100.0%,0,0,2.8%,81.5%,67,1982,2364,449,64.1%,8.3%,18.0%,1.7%,0.4%,7.4%
WHITNEY POINT,BROOME,2402,100.0%,100.0%,0,0,2.2%,100.0%,31,2402,1373,0,96.2%,0.2%,1.6%,0.3%,0.1%,1.7%
MILLER PLACE,SUFFOLK,2382,100.0%,47.5%,0,791,0.5%,42.9%,11,647,2371,70,84.6%,1.6%,9.4%,2.1%,0.0%,2.3%
LAWRENCE,NASSAU,2346,100.0%,100.0%,0,0,60.2%,100.0%,1413,2346,933,0,11.9%,16.0%,66.7%,4.1%,0.9%,0.5%
PEARL RIVER,ROCKLAND,2340,100.0%,100.0%,0,0,0.7%,100.0%,16,2340,2324,0,75.5%,1.6%,15.8%,4.8%,0.0%,2.3%
SAUGERTIES,ULSTER,2338,97.2%,97.6%,66,56,0.3%,58.3%,6,1364,2266,918,75.4%,1.5%,14.2%,2.2%,0.2%,6.5%
ARDSLEY,WESTCHESTER,2316,100.0%,100.0%,0,0,0.0%,57.9%,0,1340,2316,975,57.3%,3.3%,13.2%,20.5%,0.0%,5.7%
SPRINGVILLE-GRIFF,ERIE,2314,100.0%,93.7%,0,109,4.9%,70.5%,84,1212,1636,399,94.3%,0.3%,2.4%,0.7%,0.7%,1.6%
SCOTIA GLENVILLE,SCHENECTADY,2299,100.0%,92.3%,0,176,1.0%,37.6%,24,865,2275,1258,89.1%,4.2%,5.0%,1.5%,0.1%,0.0%
LE ROY,GENESEE,2294,93.5%,100.0%,160,0,6.5%,100.0%,160,2246,2134,0,92.1%,1.9%,2.9%,0.4%,0.1%,2.6%
YORKSHRE-PIONEER,CATTARAUGUS,2284,90.5%,97.6%,220,66,0.0%,76.4%,0,2137,2100,595,95.2%,0.6%,2.0%,0.8%,0.2%,1.3%
CLYDE-SAVANNAH,WAYNE,2283,100.0%,100.0%,0,0,10.0%,100.0%,228,2283,2055,0,86.3%,2.9%,6.3%,0.5%,0.0%,4.0%
HONEOYE FALLS-LIMA,LIVINGSTON,2272,100.0%,100.0%,0,0,2.1%,100.0%,43,2075,2033,0,91.5%,0.8%,3.4%,1.3%,0.0%,3.0%
BYRAM HILLS,WESTCHESTER,2261,100.0%,100.0%,0,0,1.1%,100.0%,24,2261,2237,0,81.7%,0.5%,6.6%,7.7%,0.1%,3.5%
MALONE,FRANKLIN,2232,95.2%,100.0%,107,0,11.0%,99.0%,243,2209,1866,23,96.6%,0.4%,1.2%,0.4%,0.6%,0.8%
NANUET,ROCKLAND,2224,100.0%,100.0%,0,0,0.0%,100.0%,0,2224,2224,0,44.8%,8.3%,28.6%,15.9%,0.1%,2.4%
JOHNSON CITY,BROOME,2224,100.0%,100.0%,0,0,2.4%,74.4%,54,1654,2170,570,55.7%,12.6%,12.1%,8.8%,0.1%,10.7%
HENDRICK HUDSON,WESTCHESTER,2214,100.0%,100.0%,0,0,0.1%,87.5%,2,1944,2212,278,55.1%,5.9%,30.8%,3.2%,0.1%,4.9%
CHEEKTOWAGA,ERIE,2203,99.9%,95.6%,3,96,0.7%,95.6%,15,2107,2188,0,38.2%,35.4%,9.0%,9.9%,0.2%,7.4%
SEAFORD,NASSAU,2199,99.5%,100.0%,10,0,0.0%,100.0%,0,2199,2199,0,86.6%,0.6%,8.7%,2.8%,0.0%,1.3%
LANSINGBURGH,RENSSELAER,2187,100.0%,100.0%,0,0,1.6%,100.0%,34,1799,2142,0,56.7%,18.3%,14.1%,0.6%,0.1%,10.1%
BATAVIA,GENESEE,2184,100.0%,85.2%,0,378,4.5%,85.2%,98,2184,2085,0,71.2%,12.5%,10.1%,1.1%,0.9%,4.2%
ISLAND TREES,NASSAU,2157,100.0%,97.1%,0,63,0.2%,93.6%,5,2019,2151,75,59.9%,1.5%,22.6%,14.4%,0.4%,1.1%
POUGHKEEPSIE,DUTCHESS,2145,93.3%,95.0%,145,108,2.8%,42.9%,61,920,1963,1117,6.9%,43.0%,41.0%,0.4%,0.0%,8.7%
C-V AT ILION-MOHAWK CSD,HERKIMER,2126,98.6%,100.0%,29,0,3.1%,100.0%,66,2126,2037,0,90.5%,2.0%,2.9%,0.8%,0.0%,3.9%
MOUNT SINAI,SUFFOLK,2094,100.0%,100.0%,0,0,0.0%,16.9%,0,353,2094,1741,81.4%,1.1%,9.4%,6.2%,0.0%,1.9%
EVANS-BRANT,ERIE,2087,100.0%,100.0%,0,0,11.7%,15.4%,246,321,1851,1766,75.2%,0.8%,4.8%,0.4%,15.4%,3.3%
IROQUOIS,ERIE,2066,100.0%,100.0%,0,0,0.9%,100.0%,18,2066,2048,0,94.6%,0.4%,1.7%,0.6%,0.1%,2.5%
HAMPTON BAYS,SUFFOLK,2056,100.0%,100.0%,0,0,1.9%,98.0%,38,2015,1977,41,35.6%,0.6%,61.9%,1.0%,0.1%,0.8%
MARYVALE,ERIE,2053,100.0%,100.0%,0,0,1.7%,80.2%,37,1647,2090,406,70.9%,11.1%,5.9%,6.7%,0.5%,5.0%
GENEVA,ONTARIO,2030,97.5%,100.0%,50,0,4.1%,100.0%,84,2030,1896,0,40.8%,10.5%,34.8%,1.7%,0.0%,12.1%
SHOREHAM-WADING R,SUFFOLK,2030,100.0%,100.0%,0,0,0.6%,100.0%,11,2030,1861,0,85.3%,1.1%,10.4%,1.8%,0.0%,1.5%
EDGEMONT,WESTCHESTER,2027,100.0%,100.0%,0,0,0.0%,32.0%,0,956,2027,2027,45.2%,2.1%,9.0%,36.1%,0.0%,7.5%
NORTH BELLMORE,NASSAU,2022,100.0%,100.0%,0,0,0.0%,60.0%,0,1206,2023,803,68.3%,2.7%,16.8%,9.7%,0.3%,2.2%
BEEKMANTOWN,CLINTON,2018,99.8%,100.0%,5,0,1.1%,100.0%,23,2018,1995,0,94.1%,1.6%,3.3%,0.8%,0.2%,0.0%
CAMDEN,ONEIDA,2012,83.1%,86.5%,358,271,5.4%,73.5%,114,1477,1650,262,93.5%,0.4%,3.1%,0.2%,0.3%,2.6%
OLEAN,CATTARAUGUS,2009,100.0%,100.0%,0,0,4.5%,100.0%,91,2009,1924,0,81.5%,3.9%,3.5%,2.5%,0.6%,7.9%
NEWARK,WAYNE,2004,100.0%,100.0%,0,0,6.3%,100.0%,127,2004,1877,0,69.8%,8.4%,16.0%,0.2%,0.2%,5.2%
BAYPORT BLUE POINT,SUFFOLK,2003,100.0%,100.0%,0,0,0.6%,100.0%,12,2003,1991,0,85.3%,1.9%,8.4%,2.1%,0.3%,2.1%
WAYNE,WAYNE,2002,100.0%,100.0%,0,0,0.9%,100.0%,19,2002,1983,0,92.7%,1.7%,2.8%,0.7%,0.0%,2.2%
ELWOOD,SUFFOLK,2000,90.5%,88.5%,100,281,0.2%,51.1%,2,1252,946,917,61.3%,6.1%,21.0%,8.8%,0.0%,2.8%
CORTLAND,CORTLAND,1997,100.0%,100.0%,0,0,4.2%,97.2%,85,1997,1922,57,85.8%,3.1%,3.9%,0.9%,0.1%,6.3%
LOCUST VALLEY,NASSAU,1990,100.0%,100.0%,0,0,0.9%,100.0%,17,1960,1943,0,72.9%,1.5%,20.4%,4.3%,0.0%,0.8%
FRANKLIN SQUARE,NASSAU,1984,100.0%,100.0%,0,0,0.5%,100.0%,10,1844,1935,0,57.0%,3.3%,24.5%,13.1%,0.3%,1.8%
SHERBURNE EARLVL,CHENANGO,1980,74.5%,100.0%,744,0,0.0%,97.9%,1,1938,2170,42,96.0%,0.6%,1.1%,0.3%,0.5%,1.5%
GLENS FALLS,WARREN,1956,98.9%,100.0%,21,0,0.7%,89.3%,13,1956,1922,234,85.5%,1.8%,5.5%,1.3%,0.1%,5.9%
DUNKIRK,CHAUTAUQUA,1944,93.2%,93.8%,132,152,0.4%,69.2%,7,1695,1808,604,35.9%,3.9%,56.1%,0.3%,0.3%,3.5%
MEXICO,OSWEGO,1944,100.0%,100.0%,0,0,3.6%,100.0%,70,1944,1874,0,94.5%,0.6%,1.9%,0.5%,0.2%,2.3%
COHOES,ALBANY,1932,86.0%,54.9%,270,871,0.1%,18.6%,2,359,1660,702,68.9%,10.8%,9.5%,1.9%,0.3%,8.6%
LEWISTON PORTER,NIAGARA,1926,99.9%,96.8%,1,62,0.7%,96.8%,13,1864,1913,0,91.3%,1.2%,2.4%,1.9%,0.3%,3.0%
CHITTENANGO,MADISON,1901,100.0%,100.0%,0,0,1.7%,90.6%,32,1723,1869,178,91.2%,0.8%,3.3%,0.7%,0.2%,3.7%
MT PLEASANT CENT,WESTCHESTER,1895,100.0%,100.0%,0,0,0.1%,74.6%,2,1413,1893,482,79.0%,0.5%,14.1%,4.6%,0.1%,1.7%
NEW PALTZ,ULSTER,1890,100.0%,96.1%,0,74,1.0%,37.8%,18,715,1872,1101,75.3%,4.1%,12.9%,2.6%,0.2%,4.9%
OWEGO-APALACHIN,TIOGA,1881,98.9%,98.5%,21,29,4.0%,97.0%,76,1852,1788,29,95.2%,0.9%,1.9%,0.4%,0.2%,1.4%
VALLEY STR HEMP 13,NASSAU,1869,100.0%,100.0%,0,0,0.2%,100.0%,3,1869,1866,0,22.8%,20.5%,28.5%,24.3%,0.5%,3.3%
LACKAWANNA,ERIE,1864,100.0%,100.0%,0,0,7.7%,78.8%,143,1864,1721,500,64.2%,13.6%,14.4%,2.9%,0.5%,4.4%
HOMER,CORTLAND,1851,100.0%,100.0%,0,0,4.6%,100.0%,86,1851,1765,0,92.9%,0.5%,3.2%,0.6%,0.2%,2.7%
EAST AURORA,ERIE,1849,100.0%,100.0%,0,0,0.3%,100.0%,4,1712,1189,0,94.0%,0.4%,3.1%,0.8%,0.0%,1.7%
EAST HAMPTON,SUFFOLK,1842,97.7%,100.0%,42,0,7.1%,79.2%,130,1459,1670,383,38.1%,2.3%,54.7%,2.0%,0.4%,2.5%
ONEIDA,ONEIDA,1840,100.0%,100.0%,0,0,7.4%,100.0%,134,1836,1672,0,87.2%,0.9%,2.6%,1.2%,2.8%,5.4%
WESTHAMPTON BEACH,SUFFOLK,1827,100.0%,100.0%,0,0,0.0%,100.0%,0,1827,1827,0,63.8%,1.3%,29.9%,1.6%,0.1%,3.3%
PERU,CLINTON,1826,99.9%,100.0%,1,0,2.4%,79.1%,44,1446,1781,383,93.5%,1.0%,1.0%,1.0%,0.4%,3.1%
SHERRILL,ONEIDA,1825,100.0%,91.0%,0,165,10.2%,91.0%,185,1667,1620,0,94.3%,0.4%,1.3%,0.9%,0.3%,2.9%
MARLBORO,ULSTER,1821,98.8%,100.0%,22,0,0.0%,60.0%,0,1445,1799,964,61.5%,10.2%,22.5%,1.6%,0.0%,4.3%
PALMYRA-MACEDON,WAYNE,1809,100.0%,100.0%,0,0,1.6%,100.0%,29,782,1780,0,91.4%,1.0%,4.0%,0.4%,0.2%,3.0%
PLATTSBURGH,CLINTON,1779,100.0%,100.0%,0,0,0.8%,98.5%,14,1748,1761,27,86.0%,7.0%,2.0%,2.6%,0.4%,2.0%
ALBION,ORLEANS,1775,99.8%,100.0%,3,0,8.7%,100.0%,155,1775,1617,0,75.4%,11.8%,11.3%,0.7%,0.7%,0.0%
SCHALMONT,SCHENECTADY,1752,98.9%,100.0%,19,0,1.0%,100.0%,18,1752,1715,0,84.1%,1.9%,6.8%,1.8%,0.3%,5.1%
LIBERTY,SULLIVAN,1738,99.9%,99.7%,2,6,3.3%,99.1%,58,1734,1682,9,39.6%,8.0%,45.4%,1.3%,0.0%,5.8%
SOUTH JEFFERSON,JEFFERSON,1738,94.2%,100.0%,101,0,0.2%,61.4%,3,1738,1636,1091,95.5%,0.3%,1.5%,0.5%,0.2%,2.1%
RONDOUT VALLEY,ULSTER,1727,98.0%,94.9%,35,102,4.0%,84.3%,70,1675,1648,211,83.2%,3.2%,8.3%,2.5%,0.5%,2.4%
IRVINGTON,WESTCHESTER,1724,100.0%,85.1%,0,256,0.6%,73.7%,11,1264,1713,194,69.3%,4.7%,9.6%,10.4%,0.1%,5.9%
RAVENA COEYMANS,ALBANY,1723,95.2%,100.0%,86,0,1.6%,100.0%,29,1723,1676,0,80.7%,4.1%,8.1%,1.0%,0.1%,6.1%
BROADALBIN-PERTH,FULTON,1720,97.7%,84.9%,39,260,1.5%,44.9%,26,772,1655,688,94.8%,0.9%,2.8%,0.6%,0.0%,0.9%
MALVERNE,NASSAU,1711,100.0%,100.0%,0,0,0.1%,100.0%,2,749,1710,0,17.7%,44.2%,27.9%,6.6%,0.4%,3.2%
WESTHILL,ONONDAGA,1709,99.9%,100.0%,1,0,0.6%,58.7%,10,1003,1698,706,82.9%,5.4%,4.7%,1.9%,0.3%,4.8%
PHOENIX,OSWEGO,1709,21.4%,62.8%,1344,500,0.9%,54.3%,15,729,350,114,95.3%,0.5%,1.3%,0.3%,0.1%,2.5%
TONAWANDA,ERIE,1705,100.0%,100.0%,0,0,0.3%,100.0%,5,1705,1700,0,84.7%,2.2%,6.3%,1.3%,0.4%,5.1%
WEST HEMPSTEAD,NASSAU,1688,99.8%,100.0%,3,0,0.4%,71.8%,6,1212,1679,476,21.9%,21.2%,46.8%,7.3%,0.2%,2.7%
NORWICH,CHENANGO,1675,86.0%,100.0%,234,0,0.8%,98.5%,13,1650,1426,25,91.3%,3.0%,2.6%,1.1%,0.2%,1.9%
NEW HYDE PARK,NASSAU,1668,91.8%,54.9%,136,747,0.6%,17.9%,10,297,1522,614,21.8%,0.3%,14.3%,60.9%,0.2%,2.6%
RED HOOK,DUTCHESS,1663,97.5%,86.4%,42,225,1.0%,28.8%,16,476,1607,954,81.6%,2.0%,12.3%,2.2%,0.2%,1.7%
EAST WILLISTON,NASSAU,1655,100.0%,100.0%,0,0,0.1%,100.0%,2,1655,1653,0,55.4%,1.1%,7.5%,32.5%,0.2%,3.2%
ONEONTA,OTSEGO,1655,99.3%,92.7%,12,124,2.3%,92.0%,38,1553,1632,11,77.7%,6.1%,9.0%,3.7%,0.2%,3.4%
GREENBURGH,WESTCHESTER,1652,99.7%,99.8%,5,3,1.5%,99.2%,25,1641,1622,11,12.5%,35.1%,43.7%,6.6%,0.2%,1.8%
PLEASANTVILLE,WESTCHESTER,1652,100.0%,100.0%,0,0,1.2%,95.0%,19,1570,1633,82,74.1%,1.8%,14.4%,5.4%,0.1%,4.2%
COBLSKL-RCHMDVL,SCHOHARIE,1645,80.9%,61.9%,313,626,1.2%,61.9%,20,1018,1305,0,90.3%,1.2%,5.6%,1.0%,0.0%,1.9%
KINDERHOOK,COLUMBIA,1624,100.0%,100.0%,0,0,3.3%,77.6%,54,1258,1570,364,82.9%,1.9%,10.3%,1.4%,0.1%,3.5%
CHENANGO VALLEY,BROOME,1621,99.9%,100.0%,1,0,3.3%,100.0%,54,1621,1566,0,87.7%,1.7%,2.7%,1.5%,0.4%,6.0%
HUDSON,COLUMBIA,1611,98.4%,100.0%,25,0,3.8%,81.1%,62,1307,1524,305,40.4%,17.6%,17.2%,12.8%,0.1%,11.9%
HASTINGS ON HUDSON,WESTCHESTER,1587,100.0%,100.0%,0,0,0.8%,79.1%,12,1255,1575,332,70.5%,2.2%,15.1%,4.5%,0.0%,7.6%
COLD SPRING HARBOR,SUFFOLK,1586,100.0%,100.0%,0,0,0.0%,100.0%,0,1586,1586,0,86.0%,0.4%,5.2%,5.4%,0.1%,2.8%
PUTNAM VALLEY,PUTNAM,1585,100.0%,100.0%,0,0,0.2%,100.0%,3,1585,1582,0,66.4%,2.7%,25.4%,2.0%,0.1%,3.4%
WINDSOR,BROOME,1584,95.0%,98.1%,79,30,4.1%,98.1%,65,1509,1440,0,90.4%,1.6%,3.4%,0.9%,0.1%,3.6%
PHELPS-CLIFTON SPR,ONTARIO,1570,100.0%,100.0%,0,0,6.1%,100.0%,96,1570,1474,0,89.0%,0.9%,7.6%,0.7%,0.0%,1.8%
DEPEW,ERIE,1558,100.0%,100.0%,0,0,1.0%,100.0%,15,1558,1543,0,84.3%,3.8%,5.4%,2.0%,0.5%,4.0%
OGDENSBURG,SAINT LAWRENCE,1558,100.0%,100.0%,0,0,3.1%,72.1%,49,1123,1508,434,98.4%,0.3%,0.3%,0.3%,0.0%,0.7%
ALDEN,ERIE,1541,100.0%,78.4%,0,333,0.5%,78.4%,8,1210,1533,0,95.8%,0.8%,1.4%,0.5%,0.6%,0.9%
TIOGA,TIOGA,1530,90.6%,82.5%,144,222,2.5%,9.2%,38,117,1351,927,97.2%,0.2%,1.2%,0.2%,0.0%,1.1%
BABYLON,SUFFOLK,1529,100.0%,100.0%,0,0,0.3%,100.0%,4,1529,1525,0,74.8%,2.9%,16.3%,3.1%,0.0%,2.9%
CROTON HARMON,WESTCHESTER,1527,100.0%,100.0%,0,0,2.0%,91.0%,31,1390,1496,137,70.3%,1.6%,18.1%,6.8%,0.1%,3.1%
MERRICK,NASSAU,1526,100.0%,62.0%,0,611,0.0%,5.1%,0,82,1526,915,83.2%,1.9%,9.9%,3.9%,0.0%,1.0%
HORNELL,STEUBEN,1525,100.0%,100.0%,0,0,0.5%,100.0%,7,1525,1518,0,84.4%,3.7%,4.9%,0.9%,0.1%,6.0%
RYE NECK,WESTCHESTER,1522,100.0%,100.0%,0,0,0.7%,91.0%,10,1376,1502,136,61.8%,2.7%,21.3%,8.2%,0.1%,6.1%
ALEXANDER,GENESEE,1518,100.0%,100.0%,0,0,8.7%,61.5%,68,467,713,292,93.4%,0.8%,3.4%,0.7%,0.0%,1.8%
FLORAL PARK,NASSAU,1511,99.9%,100.0%,2,0,0.3%,100.0%,5,1511,1506,0,55.7%,2.9%,18.7%,19.2%,0.2%,3.3%
WATERLOO,SENECA,1505,98.7%,100.0%,20,0,4.1%,100.0%,61,1472,1424,0,86.9%,3.5%,5.5%,0.8%,0.1%,3.2%
OYSTER BAY,NASSAU,1504,100.0%,100.0%,0,0,6.7%,97.2%,101,1504,1403,43,63.3%,2.3%,26.4%,4.5%,0.2%,3.3%
CENTER MORICHES,SUFFOLK,1501,100.0%,100.0%,0,0,0.1%,48.4%,2,726,1499,775,70.7%,5.1%,18.8%,1.3%,4.1%,0.1%
SPACKENKILL,DUTCHESS,1495,100.0%,100.0%,0,0,0.3%,100.0%,4,1495,1491,0,56.5%,12.3%,14.6%,12.0%,0.1%,4.5%
ELLENVILLE,ULSTER,1490,99.9%,100.0%,1,0,2.9%,80.3%,43,1219,1446,300,44.8%,9.4%,38.2%,2.3%,0.3%,5.0%
DOBBS FERRY,WESTCHESTER,1490,100.0%,100.0%,0,0,0.3%,57.7%,5,859,1485,631,64.2%,3.0%,19.7%,6.5%,0.0%,6.6%
WAVERLY,TIOGA,1487,99.6%,95.1%,6,73,1.7%,95.1%,25,1414,1456,0,94.3%,0.9%,1.6%,0.9%,0.1%,2.2%
SARANAC,CLINTON,1484,96.0%,73.4%,61,402,4.0%,73.4%,61,1107,1422,0,96.8%,0.1%,0.9%,0.2%,0.1%,1.9%
FALLSBURG,SULLIVAN,1479,96.5%,94.9%,54,62,16.5%,76.7%,253,935,1225,222,29.9%,8.9%,54.4%,1.1%,0.8%,5.0%
GOUVERNEUR,SAINT LAWRENCE,1461,99.5%,100.0%,7,0,8.9%,100.0%,130,1461,1324,0,96.4%,0.9%,1.9%,0.1%,0.1%,0.5%
SOUTHAMPTON,SUFFOLK,1448,100.0%,100.0%,0,0,2.8%,100.0%,41,1448,1407,0,44.7%,2.1%,43.0%,1.7%,7.3%,1.3%
MARCELLUS,ONONDAGA,1443,100.0%,100.0%,0,0,1.6%,100.0%,23,1443,1420,0,94.1%,0.7%,2.4%,1.2%,0.1%,1.5%
SOLVAY,ONONDAGA,1440,99.3%,100.0%,10,0,1.0%,66.4%,15,1440,1418,729,70.1%,8.7%,9.9%,0.8%,1.4%,9.0%
WATERVLIET,ALBANY,1439,100.0%,79.2%,0,299,0.4%,71.3%,6,1026,1433,113,43.1%,18.2%,17.2%,9.5%,0.1%,11.8%
FREDONIA,CHAUTAUQUA,1436,98.2%,91.8%,26,148,0.3%,45.6%,4,827,1403,838,76.6%,1.4%,16.5%,0.7%,0.2%,4.6%
JOHNSTOWN,FULTON,1430,99.9%,98.5%,1,22,3.8%,97.8%,55,1399,1374,9,91.9%,0.7%,3.8%,1.1%,0.2%,2.2%
SCHUYLERVILLE,SARATOGA,1422,100.0%,100.0%,0,0,4.7%,100.0%,67,1422,1355,0,94.5%,0.8%,2.8%,0.6%,0.1%,1.1%
BATH,STEUBEN,1417,88.1%,100.0%,168,0,0.0%,100.0%,0,1417,1249,0,95.4%,2.5%,1.1%,0.2%,0.1%,0.8%
MORIAH,ESSEX,1412,95.5%,92.6%,18,107,10.1%,87.8%,40,1272,338,70,99.3%,0.3%,0.1%,0.0%,0.0%,0.3%
MEDINA,ORLEANS,1406,86.4%,97.3%,191,38,6.3%,96.6%,89,1358,1126,10,77.9%,4.5%,7.9%,0.4%,0.8%,8.6%
CHENANGO FORKS,BROOME,1397,100.0%,100.0%,0,0,1.4%,93.7%,19,1309,1378,88,91.8%,1.0%,2.4%,0.7%,0.1%,4.0%
VALLEY STR HEMP 30,NASSAU,1388,100.0%,100.0%,0,0,0.0%,100.0%,0,1388,4164,0,4.9%,35.7%,28.9%,27.3%,0.5%,2.6%
SALMON RIVER,FRANKLIN,1383,89.9%,100.0%,142,0,0.0%,83.5%,0,1383,1266,273,31.8%,0.0%,2.0%,0.0%,61.0%,5.2%
POTSDAM,SAINT LAWRENCE,1383,100.0%,100.0%,0,0,0.8%,100.0%,11,1383,1372,0,90.5%,1.4%,2.5%,3.7%,0.2%,1.7%
VALHALLA,WESTCHESTER,1377,100.0%,100.0%,0,0,0.0%,33.3%,0,459,1377,918,53.3%,7.6%,27.6%,6.4%,0.2%,4.8%
DRYDEN,TOMPKINS,1370,99.9%,100.0%,1,0,3.1%,89.3%,43,1223,1326,147,85.3%,1.8%,4.6%,1.4%,0.2%,6.7%
GENERAL BROWN,JEFFERSON,1365,99.5%,68.7%,13,427,11.4%,5.1%,306,69,2363,869,94.3%,1.3%,1.4%,1.4%,0.1%,1.5%
SUSQUEHANNA VALLEY,BROOME,1363,99.1%,100.0%,12,0,0.0%,100.0%,0,1363,1351,0,89.8%,1.7%,3.1%,1.5%,0.1%,3.8%
BRIARCLIFF MANOR,WESTCHESTER,1351,100.0%,100.0%,0,0,3.1%,100.0%,43,1351,1350,0,65.7%,2.8%,10.0%,16.1%,0.0%,5.5%
DANSVILLE,LIVINGSTON,1351,100.0%,100.0%,0,0,15.0%,100.0%,202,1351,1147,0,93.3%,1.3%,3.1%,0.1%,0.0%,2.1%
MECHANICVILLE,SARATOGA,1350,95.6%,80.1%,60,268,0.0%,52.9%,0,714,1290,368,89.6%,2.2%,3.0%,1.2%,0.0%,4.0%
BLIND BROOK-RYE,WESTCHESTER,1332,100.0%,100.0%,0,0,0.2%,54.2%,2,722,1330,610,76.6%,0.8%,7.8%,7.9%,0.2%,6.8%
NEWFANE,NIAGARA,1327,100.0%,100.0%,0,0,3.0%,71.8%,40,953,1287,374,91.9%,1.1%,2.1%,0.4%,0.3%,4.2%
CAZENOVIA,MADISON,1318,100.0%,100.0%,0,0,1.1%,42.0%,14,554,1304,764,94.2%,0.4%,2.9%,1.1%,0.1%,1.4%
MADRID WADDINGTON,SAINT LAWRENCE,1318,100.0%,100.0%,0,0,1.1%,92.8%,14,1158,1304,90,96.4%,0.2%,2.1%,0.5%,0.2%,0.8%
CARLE PLACE,NASSAU,1316,98.1%,100.0%,25,0,1.9%,100.0%,25,1316,1289,0,64.0%,1.8%,23.6%,8.7%,0.0%,1.8%
CANASTOTA,MADISON,1312,100.0%,100.0%,0,0,4.5%,99.9%,59,1260,1252,1,89.7%,1.3%,2.8%,0.6%,0.6%,4.9%
SOUTHWESTERN,CHAUTAUQUA,1311,95.5%,100.0%,58,0,0.0%,97.9%,0,1311,1224,28,87.1%,0.5%,5.5%,1.8%,0.3%,4.9%
EDEN,ERIE,1310,100.0%,100.0%,0,0,4.5%,100.0%,59,1310,1251,0,94.0%,0.6%,1.9%,0.3%,0.7%,2.4%
DOVER,DUTCHESS,1309,100.0%,100.0%,0,0,4.0%,99.9%,52,1309,1258,1,59.8%,3.0%,32.4%,1.4%,0.0%,3.5%
PENN YAN,YATES,1309,66.3%,98.0%,526,26,3.3%,97.8%,51,1280,982,3,92.8%,0.3%,3.7%,0.6%,0.1%,2.4%
SKANEATELES,ONONDAGA,1297,100.0%,100.0%,0,0,1.8%,100.0%,23,1301,1274,0,93.2%,0.2%,3.2%,1.7%,0.0%,1.8%
CLEVELAND HILL,ERIE,1295,100.0%,100.0%,0,0,0.0%,100.0%,0,1295,1295,0,46.6%,32.2%,6.1%,5.9%,0.6%,8.6%
SALAMANCA,CATTARAUGUS,1292,98.2%,100.0%,23,0,12.0%,100.0%,155,1292,1119,0,48.3%,0.4%,6.5%,0.3%,34.1%,10.4%
MIDDLEBURGH,SCHOHARIE,1291,93.2%,92.6%,88,73,1.2%,75.5%,15,742,1188,168,96.4%,0.8%,0.9%,0.9%,0.0%,0.9%
WAYLAND-COHOCTON,STEUBEN,1268,99.7%,95.7%,4,54,9.1%,95.7%,116,1214,1148,0,96.0%,0.5%,0.9%,0.4%,0.1%,2.1%
AKRON,ERIE,1267,100.0%,100.0%,0,0,7.8%,100.0%,101,1267,1190,0,81.5%,0.5%,1.0%,0.3%,12.8%,4.0%
MAYFIELD,FULTON,1264,98.5%,100.0%,13,0,1.3%,100.0%,11,1244,832,0,93.2%,0.8%,3.2%,1.2%,0.0%,1.6%
LOWVILLE,LEWIS,1257,95.0%,100.0%,63,0,2.8%,88.0%,35,1106,1159,151,93.6%,1.6%,2.1%,0.2%,0.1%,2.5%
CATSKILL,GREENE,1248,100.0%,100.0%,0,0,8.0%,72.2%,105,889,1204,342,65.7%,7.3%,13.9%,1.1%,0.2%,11.9%
CLINTON,ONEIDA,1245,100.0%,100.0%,0,0,12.0%,67.1%,149,838,1096,411,90.2%,1.8%,3.4%,1.4%,0.1%,3.2%
SLOAN,ERIE,1243,100.0%,100.0%,0,0,1.9%,100.0%,24,1243,1219,0,75.2%,7.9%,7.1%,3.0%,0.4%,6.4%
HOLLAND PATENT,ONEIDA,1239,99.2%,100.0%,10,0,5.7%,100.0%,70,1222,1156,0,99.2%,0.0%,0.2%,0.2%,0.0%,0.3%
HANNIBAL,OSWEGO,1235,99.6%,100.0%,5,0,13.2%,100.0%,163,1235,1067,0,96.6%,0.4%,1.7%,0.2%,0.2%,0.9%
FONDA FULTONVILLE,MONTGOMERY,1234,78.7%,79.1%,263,252,2.9%,65.3%,36,785,935,166,92.2%,0.7%,3.9%,1.0%,0.0%,2.2%
AUSABLE VALLEY,CLINTON,1218,100.0%,100.0%,0,0,4.8%,97.0%,57,1181,1125,36,97.0%,2.1%,0.2%,0.1%,0.0%,0.6%
NORTHEASTRN CLNTON,CLINTON,1216,73.6%,87.0%,295,244,0.4%,54.0%,5,1014,816,619,96.4%,0.7%,1.3%,0.7%,0.2%,0.6%
DUNDEE,YATES,1200,100.0%,100.0%,0,0,12.8%,100.0%,154,1200,1046,0,93.2%,0.5%,3.0%,0.2%,0.2%,2.9%
ONTEORA,ULSTER,1199,88.2%,99.4%,142,7,0.2%,96.2%,2,1154,1056,38,74.2%,1.2%,13.7%,1.5%,0.2%,9.2%
TACONIC HILLS,COLUMBIA,1199,86.8%,100.0%,158,0,2.0%,99.4%,24,1192,1017,7,78.6%,2.4%,11.9%,0.4%,0.3%,6.4%
ROYALTON HARTLAND,NIAGARA,1193,100.0%,100.0%,0,0,4.0%,65.9%,48,786,1145,407,91.8%,0.4%,3.2%,0.3%,0.2%,4.1%
LANSING,TOMPKINS,1179,99.2%,100.0%,9,0,1.0%,89.4%,12,945,1148,112,78.2%,1.5%,4.7%,4.1%,0.1%,11.4%
NORTH MERRICK,NASSAU,1178,100.0%,100.0%,0,0,0.1%,12.8%,1,104,1177,708,70.4%,2.9%,16.3%,8.5%,0.1%,1.8%
VOORHEESVILLE,ALBANY,1178,97.9%,85.4%,25,172,1.7%,15.0%,20,177,1134,829,88.5%,0.6%,3.9%,2.3%,0.1%,4.6%
CANTON,SAINT LAWRENCE,1176,93.7%,86.8%,46,242,5.3%,64.3%,39,1176,645,411,93.0%,0.6%,1.6%,1.7%,0.0%,3.1%
SENECA FALLS,SENECA,1174,100.0%,100.0%,0,0,3.7%,100.0%,44,1174,1130,0,81.8%,2.6%,6.7%,1.7%,1.8%,5.4%
ATTICA,WYOMING,1173,96.1%,99.5%,46,6,0.0%,96.8%,0,1136,1127,31,94.7%,0.9%,2.5%,0.7%,0.3%,0.9%
JORDAN ELBRIDGE,ONONDAGA,1167,100.0%,100.0%,0,0,1.7%,99.7%,20,1167,1162,4,94.8%,1.1%,2.1%,0.5%,0.4%,1.0%
COXSACKIE ATHENS,GREENE,1166,100.0%,100.0%,0,0,1.5%,100.0%,18,1166,1148,0,84.6%,2.1%,7.7%,0.6%,0.1%,5.0%
ADIRONDACK,ONEIDA,1166,77.0%,100.0%,270,0,19.5%,99.4%,229,1130,677,7,98.0%,0.2%,0.5%,0.2%,0.0%,1.1%
TUCKAHOE,WESTCHESTER,1164,100.0%,100.0%,0,0,0.5%,86.9%,6,1011,1158,153,64.8%,7.5%,16.2%,6.7%,0.3%,4.7%
FALCONER,CHAUTAUQUA,1157,88.7%,76.5%,131,272,4.8%,76.5%,55,885,971,0,93.8%,1.8%,3.4%,0.3%,0.3%,0.3%
BRUNSWICK CENTRAL,RENSSELAER,1148,94.0%,100.0%,69,0,0.0%,72.1%,0,828,1079,320,89.3%,1.2%,4.9%,1.6%,0.0%,3.1%
WELLSVILLE,ALLEGANY,1146,91.8%,100.0%,95,0,15.1%,98.0%,175,892,886,18,94.1%,1.7%,1.8%,0.8%,0.3%,1.3%
HAMILTON,MADISON,1124,100.0%,100.0%,0,0,8.0%,100.0%,90,1124,1034,0,90.8%,2.8%,2.5%,2.7%,0.0%,1.2%
EAST ROCKAWAY,NASSAU,1121,100.0%,100.0%,0,0,1.4%,86.8%,16,973,1105,148,58.5%,3.4%,29.2%,5.2%,0.4%,3.4%
CAIRO-DURHAM,GREENE,1114,94.4%,98.3%,62,19,7.7%,98.3%,86,1095,966,0,81.7%,2.2%,8.4%,1.1%,0.4%,6.3%
TULLY,ONONDAGA,1113,95.3%,100.0%,55,0,3.7%,100.0%,43,1113,1062,0,93.5%,0.7%,2.4%,0.8%,0.3%,2.3%
SARANAC LAKE,FRANKLIN,1100,99.4%,100.0%,7,0,1.5%,100.0%,17,1100,1078,0,66.1%,0.6%,32.4%,0.0%,0.0%,0.8%
GORHAM-MIDDLESEX,ONTARIO,1099,78.8%,100.0%,233,0,5.8%,100.0%,64,1099,802,0,97.4%,0.2%,1.8%,0.4%,0.0%,0.3%
GREENVILLE,GREENE,1098,99.0%,100.0%,11,0,4.1%,98.1%,45,1077,1040,21,95.8%,0.7%,2.3%,0.1%,0.0%,1.1%
NORTH ROSE WOLCOTT,WAYNE,1094,100.0%,100.0%,0,0,20.9%,100.0%,224,1094,848,0,85.1%,0.8%,9.0%,0.1%,0.0%,5.0%
PAWLING,DUTCHESS,1093,95.5%,100.0%,52,0,4.5%,82.1%,52,897,1041,196,69.1%,2.9%,23.9%,1.6%,0.0%,2.6%
MATTITUCK,SUFFOLK,1092,100.0%,100.0%,0,0,0.3%,100.0%,3,1092,1089,0,75.7%,1.5%,21.0%,1.4%,0.0%,0.5%
ALTMAR-PARISH,OSWEGO,1090,98.4%,98.5%,17,16,1.7%,60.4%,19,658,1054,416,93.6%,0.7%,1.8%,0.5%,0.5%,2.9%
CORINTH,SARATOGA,1073,97.7%,100.0%,25,0,0.0%,100.0%,0,1073,1047,0,96.1%,0.1%,2.1%,0.2%,0.1%,1.5%
ALLEGANY-LIMESTONE,CATTARAUGUS,1064,96.8%,100.0%,34,0,2.2%,100.0%,23,1064,1007,0,91.6%,1.4%,1.6%,1.2%,0.4%,3.8%
HERKIMER,HERKIMER,1061,97.2%,100.0%,30,0,2.2%,100.0%,23,1062,1009,0,88.4%,4.3%,2.4%,1.1%,0.3%,3.5%
STILLWATER,SARATOGA,1060,100.0%,100.0%,0,0,1.4%,100.0%,14,1037,1019,0,93.7%,1.7%,2.7%,1.1%,0.1%,0.7%
LITTLE FALLS,HERKIMER,1056,99.7%,100.0%,3,0,1.3%,100.0%,14,1056,1039,0,89.8%,0.2%,4.2%,0.9%,0.0%,4.8%
HOOSICK FALLS,RENSSELAER,1054,93.7%,100.0%,67,0,0.3%,43.4%,3,483,987,631,92.0%,0.2%,2.9%,0.4%,0.5%,4.1%
KENDALL,ORLEANS,1049,86.2%,100.0%,133,0,2.1%,100.0%,20,1049,810,0,91.0%,0.6%,5.0%,0.0%,0.1%,3.3%
NEWARK VALLEY,TIOGA,1049,84.1%,85.1%,173,156,4.0%,37.8%,44,397,871,496,95.5%,0.2%,2.2%,0.5%,0.0%,1.6%
WILSON,NIAGARA,1045,99.6%,96.9%,4,33,6.6%,96.9%,71,1046,1003,0,90.4%,0.5%,3.6%,0.2%,1.2%,4.1%
VALLEY STR HEMP 24,NASSAU,1044,100.0%,100.0%,0,0,1.1%,100.0%,12,1044,1032,0,17.3%,20.9%,43.0%,15.5%,0.4%,3.0%
PORT JEFFERSON,SUFFOLK,1043,100.0%,100.0%,0,0,0.0%,100.0%,0,1043,1043,0,75.2%,0.7%,12.0%,8.5%,0.2%,3.3%
WILLIAMSON,WAYNE,1041,75.5%,100.0%,335,0,2.2%,100.0%,30,982,1001,0,80.6%,2.9%,10.9%,0.4%,0.5%,4.7%
RENSSELAER,RENSSELAER,1040,99.5%,97.8%,5,23,0.5%,85.8%,5,900,1030,126,52.1%,12.7%,11.1%,14.2%,0.2%,9.7%
BELLMORE,NASSAU,1031,100.0%,98.4%,0,17,0.0%,86.6%,0,893,1031,121,75.4%,1.4%,12.9%,9.1%,0.3%,1.1%
SIDNEY,DELAWARE,1031,81.6%,100.0%,192,0,1.4%,100.0%,15,1031,839,0,87.7%,1.0%,6.5%,0.8%,0.0%,4.0%
GRANVILLE,WASHINGTON,1030,92.5%,96.5%,78,36,2.4%,96.5%,25,994,939,0,94.8%,1.3%,1.2%,0.2%,0.3%,2.2%
JEFF YOUNGSVILLE,SULLIVAN,1022,92.3%,34.6%,78,710,2.7%,14.8%,27,161,902,215,84.3%,0.8%,10.2%,0.8%,0.2%,3.8%
ADDISON,STEUBEN,1020,98.9%,95.0%,11,78,2.1%,60.3%,21,942,988,542,95.9%,0.4%,1.7%,0.7%,0.2%,1.1%
SILVER CREEK,CHAUTAUQUA,1016,100.0%,100.0%,0,0,13.4%,100.0%,141,1016,912,0,71.2%,0.6%,9.3%,0.5%,11.6%,6.8%
NORTH SALEM,WESTCHESTER,1016,100.0%,100.0%,0,0,2.0%,58.6%,20,1016,996,717,73.2%,2.3%,18.0%,2.7%,0.1%,3.7%
GOWANDA,ERIE,1010,77.1%,100.0%,231,0,11.7%,100.0%,118,1010,661,0,62.8%,0.2%,4.7%,0.1%,22.3%,9.9%
EAST ROCHESTER,MONROE,1009,100.0%,100.0%,0,0,1.2%,100.0%,12,1009,1007,0,70.8%,9.2%,12.4%,0.7%,0.3%,6.7%
ELMIRA HEIGHTS,CHEMUNG,1001,100.0%,73.1%,0,269,1.3%,70.2%,13,703,988,29,86.7%,2.7%,3.0%,0.5%,0.4%,6.7%
PORTVILLE,CATTARAUGUS,998,99.4%,100.0%,6,0,3.0%,49.1%,30,490,962,508,92.1%,0.7%,2.1%,0.1%,0.1%,4.9%
ELMSFORD,WESTCHESTER,993,100.0%,100.0%,0,0,0.0%,100.0%,0,993,993,0,8.0%,19.3%,61.5%,8.7%,0.1%,2.2%
CALEDONIA MUMFORD,LIVINGSTON,993,98.8%,100.0%,9,0,4.0%,95.5%,31,745,741,35,92.8%,1.7%,3.2%,1.0%,0.0%,1.3%
BRASHER FALLS,SAINT LAWRENCE,988,100.0%,100.0%,0,0,3.7%,100.0%,37,988,950,0,94.1%,0.2%,1.4%,0.1%,1.3%,2.8%
SODUS,WAYNE,985,98.3%,100.0%,16,0,7.2%,100.0%,68,943,855,0,58.5%,9.0%,23.1%,0.2%,0.2%,8.9%
CANISTEO-GREENWOOD CSD,STEUBEN,982,92.0%,100.0%,79,0,0.0%,100.0%,0,982,903,0,95.9%,0.9%,1.3%,0.6%,0.2%,1.0%
ALEXANDRIA CSD,JEFFERSON,980,83.5%,100.0%,166,0,2.4%,100.0%,24,980,814,0,94.9%,0.9%,2.6%,0.0%,0.4%,1.3%
PULASKI,OSWEGO,975,100.0%,100.0%,0,0,1.8%,100.0%,18,975,957,0,96.0%,0.4%,1.3%,0.6%,0.2%,1.5%
SAG HARBOR,SUFFOLK,972,100.0%,100.0%,0,0,0.6%,100.0%,6,972,966,0,72.6%,2.9%,22.1%,2.4%,0.0%,0.0%
HOLLEY,ORLEANS,971,100.0%,93.4%,0,64,7.2%,92.1%,70,894,907,13,84.6%,1.0%,8.1%,0.5%,0.0%,5.7%
WHEATLAND CHILI,MONROE,965,100.0%,100.0%,0,0,4.1%,100.0%,40,965,925,0,70.2%,11.4%,9.8%,1.7%,0.5%,6.4%
EDWARDS-KNOX,SAINT LAWRENCE,962,99.6%,100.0%,4,0,8.1%,100.0%,80,982,902,0,96.7%,0.0%,1.0%,0.0%,0.4%,1.8%
CHESTER,ORANGE,953,100.0%,100.0%,0,0,0.6%,95.3%,6,900,946,44,45.7%,11.1%,34.9%,4.9%,0.0%,3.4%
RHINEBECK,DUTCHESS,951,100.0%,100.0%,0,0,0.5%,100.0%,5,951,946,0,80.7%,0.6%,10.1%,2.6%,0.1%,5.9%
AVON,LIVINGSTON,949,99.7%,100.0%,3,0,1.3%,100.0%,12,949,937,0,88.7%,2.0%,5.6%,1.3%,0.4%,2.0%
NORWOOD NORFOLK,SAINT LAWRENCE,943,99.1%,100.0%,8,0,6.6%,100.0%,62,943,870,0,97.0%,0.2%,0.9%,0.5%,0.5%,0.9%
WATKINS GLEN,SCHUYLER,942,96.8%,100.0%,31,0,20.4%,66.9%,196,942,736,467,90.4%,0.7%,3.5%,1.1%,0.4%,3.8%
PEMBROKE,GENESEE,942,100.0%,100.0%,0,0,1.7%,96.7%,16,911,926,31,93.8%,1.1%,1.6%,0.3%,0.1%,3.0%
HIGHLAND FALLS,ORANGE,938,91.9%,100.0%,76,0,2.6%,100.0%,24,938,838,0,56.6%,10.2%,26.9%,1.1%,0.0%,5.2%
GREENWICH,WASHINGTON,930,99.5%,100.0%,5,0,6.9%,89.5%,64,832,861,98,95.2%,1.3%,2.0%,1.0%,0.0%,0.5%
CHATHAM,COLUMBIA,927,100.0%,99.8%,0,2,2.4%,99.0%,22,912,897,7,87.1%,1.1%,6.8%,0.7%,0.1%,4.2%
GREENE,CHENANGO,927,100.0%,100.0%,0,0,2.2%,100.0%,21,927,942,0,94.5%,1.3%,2.4%,0.9%,0.8%,0.1%
SAUQUOIT VALLEY,ONEIDA,924,100.0%,100.0%,0,0,2.6%,58.3%,24,539,900,385,91.8%,0.7%,4.1%,0.4%,0.0%,3.1%
CAMPBELL-SAVONA,STEUBEN,923,97.6%,100.0%,22,0,15.9%,100.0%,147,923,754,0,94.3%,0.0%,1.9%,0.5%,0.4%,3.0%
SOUTH LEWIS,LEWIS,917,74.9%,100.0%,230,0,0.0%,100.0%,0,917,687,0,95.1%,0.8%,2.1%,0.3%,0.0%,1.8%
HOOSIC VALLEY,RENSSELAER,914,99.6%,100.0%,4,0,1.0%,100.0%,9,914,915,0,95.8%,0.6%,0.9%,0.2%,0.0%,2.5%
MORAVIA,CAYUGA,910,100.0%,96.9%,0,28,11.0%,96.9%,100,882,813,0,95.8%,0.3%,2.2%,0.1%,0.1%,1.5%
TRI VALLEY,SULLIVAN,907,98.4%,100.0%,14,0,4.1%,86.4%,37,784,851,123,80.3%,2.6%,13.3%,0.5%,0.1%,3.2%
SHERMAN,CHAUTAUQUA,904,100.0%,100.0%,0,0,17.7%,100.0%,160,904,744,0,95.6%,0.2%,2.1%,0.2%,0.7%,1.2%
LETCHWORTH,WYOMING,896,99.3%,100.0%,6,0,0.9%,100.0%,8,896,882,0,96.0%,0.8%,2.0%,0.4%,0.3%,0.4%
GANANDA,WAYNE,892,100.0%,100.0%,0,0,2.6%,100.0%,23,892,869,0,84.5%,1.0%,7.6%,1.8%,0.0%,5.1%
SCHODACK,RENSSELAER,891,100.0%,87.9%,0,104,4.8%,73.8%,43,634,849,121,92.6%,1.0%,3.7%,0.2%,0.0%,2.5%
FRANKFORT-SCHUYLER,HERKIMER,886,100.0%,100.0%,0,0,7.8%,80.6%,69,629,817,151,93.3%,0.8%,1.6%,0.6%,0.1%,3.6%
LIVINGSTON MANOR,SULLIVAN,884,87.8%,60.3%,81,342,2.1%,14.6%,14,126,569,394,77.0%,7.0%,11.5%,0.9%,0.0%,3.6%
CATO MERIDIAN,CAYUGA,878,97.5%,100.0%,22,0,3.4%,66.4%,30,583,826,295,92.2%,0.7%,2.5%,0.5%,0.5%,3.7%
RANDOLPH,CATTARAUGUS,873,99.3%,100.0%,6,0,24.5%,100.0%,214,873,653,0,87.9%,0.7%,2.9%,0.1%,5.0%,3.4%
PINE PLAINS,DUTCHESS,872,100.0%,100.0%,0,0,6.5%,100.0%,57,872,815,0,79.1%,0.2%,12.3%,0.5%,0.1%,7.8%
SCHOHARIE,SCHOHARIE,864,99.0%,87.9%,9,105,2.7%,75.8%,23,657,830,105,94.1%,0.9%,3.0%,0.1%,0.0%,1.9%
UNADILLA VALLEY,CHENANGO,862,46.4%,100.0%,462,0,11.6%,100.0%,100,862,300,0,95.2%,1.1%,1.5%,0.4%,0.6%,1.1%
WALTON,DELAWARE,858,90.9%,98.4%,78,14,0.0%,98.4%,0,844,780,0,96.3%,0.7%,2.1%,0.6%,0.0%,0.2%
EAST BLOOMFIELD,ONTARIO,857,100.0%,98.6%,0,12,0.7%,98.6%,6,845,851,0,91.9%,0.5%,3.2%,1.1%,0.1%,3.2%
CANAJOHARIE,MONTGOMERY,854,77.6%,100.0%,196,0,5.7%,95.9%,50,812,628,35,93.0%,1.3%,2.3%,0.5%,0.0%,2.9%
WESTMORELAND,ONEIDA,847,100.0%,100.0%,0,0,1.1%,99.1%,9,839,839,8,95.6%,1.3%,2.0%,0.4%,0.0%,0.7%
MILLBROOK,DUTCHESS,834,97.9%,100.0%,18,0,2.5%,100.0%,21,834,813,0,77.3%,2.5%,14.3%,0.6%,0.0%,5.3%
GENESEO,LIVINGSTON,829,100.0%,100.0%,0,0,10.7%,72.6%,89,602,740,227,80.2%,1.6%,12.4%,1.6%,0.2%,4.0%
WARSAW,WYOMING,829,57.2%,74.0%,355,223,8.3%,66.6%,69,572,405,64,91.6%,0.8%,3.5%,1.0%,0.1%,3.0%
BYRON BERGEN,GENESEE,822,100.0%,100.0%,0,0,0.0%,100.0%,0,788,788,0,88.9%,1.4%,6.5%,0.7%,0.0%,2.5%
RED CREEK,WAYNE,820,92.1%,100.0%,65,0,10.7%,100.0%,88,820,667,0,95.2%,1.0%,1.6%,0.7%,0.2%,1.2%
LAFAYETTE,ONONDAGA,813,100.0%,100.0%,0,0,17.1%,100.0%,139,813,674,0,58.3%,0.8%,1.0%,0.5%,38.1%,1.4%
CAMBRIDGE,WASHINGTON,812,100.0%,100.0%,0,0,0.8%,50.0%,6,794,789,794,92.2%,3.1%,2.3%,1.3%,1.0%,0.1%
ONONDAGA,ONONDAGA,810,78.6%,62.0%,220,288,0.5%,28.0%,5,212,804,258,72.7%,11.5%,5.3%,0.6%,2.7%,7.2%
SPENCER VAN ETTEN,TIOGA,808,94.7%,100.0%,43,0,0.0%,100.0%,0,808,765,0,93.8%,0.9%,2.0%,0.9%,0.2%,2.2%
UNION SPRINGS,CAYUGA,805,100.0%,100.0%,0,0,7.6%,100.0%,61,805,744,0,89.2%,1.3%,6.4%,1.0%,0.0%,2.1%
GALWAY,SARATOGA,804,99.8%,100.0%,2,0,6.2%,100.0%,50,804,752,0,98.9%,0.2%,0.2%,0.2%,0.0%,0.4%
CASSADAGA VALLEY,CHAUTAUQUA,803,100.0%,100.0%,0,0,8.1%,100.0%,66,803,749,0,92.8%,1.2%,1.9%,0.6%,0.1%,3.3%
DOLGEVILLE,HERKIMER,801,80.6%,100.0%,141,0,4.8%,100.0%,35,801,550,0,99.3%,0.6%,0.0%,0.2%,0.0%,0.0%
GROTON,TOMPKINS,798,92.3%,100.0%,61,0,0.0%,100.0%,0,718,734,0,89.6%,1.6%,3.2%,1.1%,0.1%,4.3%
PERRY,WYOMING,793,79.9%,100.0%,159,0,0.0%,100.0%,0,793,634,0,90.4%,0.9%,5.7%,1.4%,0.0%,1.6%
BEAVER RIVER,LEWIS,793,93.4%,77.6%,53,178,0.0%,77.6%,0,618,746,0,98.1%,1.1%,0.6%,0.1%,0.0%,0.0%
THOUSAND ISLANDS,JEFFERSON,785,88.9%,100.0%,77,0,0.0%,100.0%,0,785,616,0,91.6%,1.0%,3.0%,0.3%,0.5%,3.6%
HALDANE,PUTNAM,784,100.0%,100.0%,0,0,1.1%,79.9%,9,646,775,163,82.5%,1.6%,10.4%,3.7%,0.1%,1.6%
HOLLAND,ERIE,784,99.7%,100.0%,2,0,1.1%,100.0%,9,784,773,0,95.9%,0.3%,1.6%,0.1%,0.3%,1.8%
MANCHSTR-SHRTSVLLE,ONTARIO,782,100.0%,100.0%,0,0,5.0%,100.0%,39,757,743,0,87.1%,0.5%,7.0%,0.6%,0.3%,4.5%
BAINBRIDGE GUILFRD,CHENANGO,780,99.6%,100.0%,3,0,3.7%,100.0%,29,780,751,0,90.5%,0.6%,3.8%,0.8%,0.3%,4.0%
CUBA-RUSHFORD,ALLEGANY,776,89.8%,100.0%,80,0,2.2%,96.0%,17,745,688,31,92.9%,2.7%,2.2%,0.9%,0.4%,0.9%
NORTHRN ADIRONDACK,CLINTON,776,69.8%,88.5%,234,90,0.0%,11.6%,0,91,542,604,99.0%,0.3%,0.4%,0.3%,0.0%,0.1%
OAKFIELD ALABAMA,GENESEE,775,96.8%,100.0%,25,0,10.7%,100.0%,83,739,667,0,93.4%,0.9%,3.9%,0.5%,0.0%,1.3%
BARKER,NIAGARA,768,100.0%,100.0%,0,0,36.5%,100.0%,280,778,488,0,88.3%,0.4%,6.7%,0.1%,0.0%,4.5%
BRUSHTON MOIRA,FRANKLIN,767,100.0%,100.0%,0,0,3.0%,84.5%,23,648,745,119,96.2%,0.8%,0.3%,0.5%,0.5%,1.7%
FREWSBURG,CHAUTAUQUA,763,100.0%,100.0%,0,0,2.2%,100.0%,17,763,746,0,93.8%,0.3%,2.2%,0.4%,0.5%,2.8%
FLORIDA,ORANGE,760,100.0%,100.0%,0,0,4.5%,100.0%,34,760,725,0,60.1%,5.7%,29.0%,2.9%,0.0%,2.4%
SOUTHOLD,SUFFOLK,759,100.0%,100.0%,0,0,2.9%,94.4%,22,731,737,43,62.9%,1.8%,31.8%,2.1%,0.0%,1.3%
COOPERSTOWN,OTSEGO,759,94.2%,100.0%,44,0,5.4%,100.0%,41,759,675,0,89.7%,1.1%,3.1%,5.2%,0.0%,0.9%
ODESSA MONTOUR,SCHUYLER,753,30.0%,43.4%,529,440,0.0%,19.3%,0,150,227,187,94.2%,0.1%,1.1%,0.5%,0.3%,3.8%
PORT BYRON,CAYUGA,748,86.5%,100.0%,101,0,3.6%,100.0%,27,748,620,0,94.8%,0.5%,2.3%,0.0%,0.0%,2.4%
WEEDSPORT,CAYUGA,746,98.3%,100.0%,13,0,1.3%,53.5%,10,433,733,376,91.0%,0.1%,3.9%,0.7%,0.5%,3.7%
TUPPER LAKE,FRANKLIN,745,100.0%,100.0%,0,0,1.8%,97.7%,13,728,729,17,94.3%,0.1%,1.9%,0.4%,0.5%,2.7%
DELAWARE ACADEMY-DELHI,DELAWARE,737,100.0%,97.3%,0,20,0.3%,97.3%,2,717,735,0,96.1%,0.6%,1.0%,0.6%,0.0%,1.8%
CANDOR,TIOGA,733,95.1%,100.0%,31,0,3.3%,100.0%,21,733,581,0,93.3%,0.7%,2.7%,0.3%,0.1%,2.9%
WATERFORD,SARATOGA,731,99.2%,100.0%,6,0,0.8%,43.9%,6,573,725,731,88.6%,1.4%,3.5%,1.8%,0.1%,4.6%
SANDY CREEK,OSWEGO,731,98.6%,100.0%,10,0,0.7%,100.0%,5,731,718,0,96.2%,0.4%,1.1%,0.8%,0.3%,1.1%
TICONDEROGA,ESSEX,730,80.9%,81.6%,138,133,0.0%,70.1%,0,507,585,83,97.7%,1.0%,0.0%,1.2%,0.1%,0.0%
CHAUTAUQUA LAKE,CHAUTAUQUA,725,95.8%,98.3%,30,12,0.1%,97.0%,1,701,680,10,95.7%,0.0%,2.5%,0.0%,0.1%,1.7%
YORK,LIVINGSTON,721,100.0%,100.0%,0,0,8.3%,100.0%,60,721,661,0,94.0%,0.3%,3.9%,0.4%,0.1%,1.2%
OPPENHEIM-EPHRATAH-ST. JOHNSV,FULTON,721,100.0%,96.5%,0,25,2.9%,96.5%,21,696,700,0,97.5%,0.7%,1.4%,0.3%,0.0%,0.1%
OTEGO-UNADILLA,OTSEGO,713,97.0%,100.0%,21,0,4.7%,99.7%,33,711,653,2,88.0%,2.2%,5.3%,0.8%,0.0%,3.6%
FORT PLAIN,MONTGOMERY,712,96.6%,100.0%,25,0,6.9%,100.0%,51,712,661,0,87.9%,1.3%,6.1%,0.4%,0.0%,4.3%
ISLAND PARK,NASSAU,705,100.0%,100.0%,0,0,2.6%,100.0%,18,705,687,0,48.6%,3.4%,41.3%,3.4%,0.4%,2.8%
NEWFIELD,TOMPKINS,703,74.4%,100.0%,180,0,6.4%,76.4%,45,537,478,166,80.3%,4.7%,3.0%,0.0%,0.6%,11.4%
LAKE GEORGE,WARREN,702,100.0%,100.0%,0,0,1.6%,100.0%,11,702,660,0,93.1%,1.7%,1.7%,1.9%,0.1%,1.4%
BERNE KNOX,ALBANY,701,77.9%,72.2%,157,194,10.4%,22.8%,74,159,478,344,93.4%,0.4%,2.7%,0.6%,0.1%,2.7%
WATERVILLE,ONEIDA,699,100.0%,100.0%,0,0,19.6%,100.0%,137,698,562,0,97.6%,0.3%,1.6%,0.1%,0.0%,0.4%
WHITEHALL,WASHINGTON,693,96.8%,97.7%,22,16,0.0%,97.7%,0,677,671,0,97.7%,0.9%,1.0%,0.3%,0.1%,0.0%
HARRISVILLE,LEWIS,688,99.4%,100.0%,4,0,13.1%,100.0%,90,688,594,0,92.8%,0.3%,2.9%,0.9%,1.2%,2.0%
BOLIVAR-RICHBURG,ALLEGANY,685,86.0%,100.0%,96,0,0.0%,100.0%,0,685,589,0,97.1%,0.7%,0.6%,0.0%,0.0%,1.6%
SOUTHERN CAYUGA,CAYUGA,681,100.0%,100.0%,0,0,4.6%,53.7%,31,532,650,458,82.5%,0.6%,12.7%,1.1%,0.6%,2.4%
OXFORD,CHENANGO,674,98.5%,100.0%,10,0,0.0%,100.0%,0,674,665,0,92.6%,1.5%,3.6%,0.3%,0.7%,1.3%
EAST MORICHES,SUFFOLK,673,99.1%,100.0%,6,0,0.9%,6.0%,6,40,671,622,80.3%,2.5%,13.0%,1.3%,0.0%,2.9%
FORT ANN,WASHINGTON,666,99.5%,96.5%,2,42,4.6%,51.8%,20,624,414,539,93.6%,0.2%,3.3%,0.5%,0.0%,2.4%
WARRENSBURG,WARREN,659,80.1%,77.5%,131,148,0.0%,77.5%,0,511,528,0,94.3%,0.5%,1.9%,0.2%,0.0%,3.2%
SOUTH SENECA,SENECA,658,100.0%,92.1%,0,52,3.3%,92.1%,22,606,646,0,95.7%,0.9%,1.7%,1.1%,0.2%,0.5%
PAVILION,GENESEE,656,100.0%,100.0%,0,0,7.5%,100.0%,49,656,607,0,95.0%,0.6%,3.8%,0.3%,0.2%,0.2%
GREENPORT,SUFFOLK,655,100.0%,100.0%,0,0,11.1%,100.0%,73,655,582,0,26.5%,6.7%,60.8%,0.6%,0.0%,5.4%
BERLIN,RENSSELAER,655,100.0%,100.0%,0,0,1.1%,95.3%,7,624,648,31,95.0%,0.8%,1.1%,0.3%,0.0%,2.8%
FILLMORE,ALLEGANY,653,79.5%,100.0%,134,0,0.0%,100.0%,0,653,519,0,96.0%,0.8%,2.0%,0.6%,0.5%,0.2%
DUANESBURG,SCHENECTADY,650,99.9%,100.0%,1,0,11.3%,100.0%,83,650,650,0,93.7%,0.8%,3.9%,0.8%,0.0%,0.9%
WESTFIELD,CHAUTAUQUA,647,99.4%,100.0%,4,0,0.9%,100.0%,6,647,637,0,90.2%,2.0%,6.1%,0.5%,0.3%,0.8%
HADLEY LUZERNE,WARREN,640,87.7%,100.0%,75,0,0.0%,100.0%,0,640,533,0,95.6%,0.2%,2.2%,0.5%,0.5%,1.1%
BEMUS POINT,CHAUTAUQUA,640,67.8%,100.0%,206,0,1.3%,100.0%,8,640,426,0,96.8%,0.2%,1.5%,1.1%,0.0%,0.5%
MARATHON,CORTLAND,640,91.5%,100.0%,54,0,5.8%,88.5%,37,400,543,52,97.0%,1.7%,1.1%,0.2%,0.0%,0.0%
WEST CANADA VALLEY,HERKIMER,636,95.0%,100.0%,32,0,15.9%,100.0%,101,636,503,0,96.4%,0.0%,1.6%,0.0%,0.0%,2.0%
FRANKLINVILLE,CATTARAUGUS,628,84.4%,100.0%,92,0,2.0%,100.0%,12,628,485,0,93.6%,0.2%,3.3%,1.2%,1.2%,0.7%
NAPLES,ONTARIO,627,91.5%,100.0%,53,0,4.0%,100.0%,25,625,546,0,97.6%,1.0%,0.6%,0.8%,0.0%,0.0%
SPRINGS,SUFFOLK,625,100.0%,100.0%,0,0,0.0%,100.0%,0,625,625,0,34.5%,0.3%,63.2%,0.8%,0.0%,1.2%
MARION,WAYNE,611,96.4%,98.2%,22,11,6.1%,96.6%,37,590,552,10,86.4%,0.3%,9.5%,0.3%,0.0%,3.4%
HARPURSVILLE,BROOME,611,97.9%,100.0%,14,0,5.9%,100.0%,40,611,627,0,95.4%,1.0%,0.6%,0.3%,0.3%,2.4%
NORTHEAST,DUTCHESS,608,100.0%,100.0%,0,0,2.5%,100.0%,15,608,595,0,69.3%,1.5%,24.8%,1.0%,0.0%,3.4%
ELLICOTTVILLE,CATTARAUGUS,608,55.8%,69.1%,269,188,0.0%,58.6%,0,356,339,64,91.0%,0.3%,2.0%,0.7%,2.0%,4.1%
DALTON-NUNDA,LIVINGSTON,607,100.0%,100.0%,0,0,9.7%,100.0%,59,607,548,0,97.2%,0.3%,1.0%,0.0%,0.0%,1.5%
FABIUS-POMPEY,ONONDAGA,599,99.7%,100.0%,2,0,6.6%,99.3%,39,593,549,4,93.6%,0.2%,3.4%,0.7%,0.3%,1.8%
LYNDONVILLE,ORLEANS,588,72.6%,51.2%,161,289,6.0%,50.5%,35,299,392,4,88.8%,0.5%,5.1%,1.0%,0.3%,4.3%
LISBON,SAINT LAWRENCE,584,96.5%,100.0%,21,0,3.5%,47.3%,21,312,563,348,97.6%,0.2%,1.4%,0.7%,0.0%,0.2%
MORRISVILLE EATON,MADISON,578,100.0%,100.0%,0,0,5.4%,100.0%,31,578,547,0,93.8%,0.4%,2.3%,0.7%,0.0%,2.8%
HONEOYE,ONTARIO,578,95.5%,100.0%,26,0,3.5%,100.0%,20,578,532,0,97.4%,0.2%,1.2%,0.2%,0.2%,0.9%
ALFRED ALMOND,ALLEGANY,574,99.8%,100.0%,1,0,0.5%,100.0%,3,574,570,0,90.1%,0.2%,3.3%,4.0%,0.0%,2.4%
LAKE PLACID,ESSEX,571,97.0%,91.6%,17,57,1.4%,76.0%,8,515,546,106,93.8%,1.6%,0.9%,0.9%,0.0%,2.9%
ORISKANY,ONEIDA,565,98.6%,100.0%,8,0,4.1%,100.0%,24,565,549,0,93.1%,0.4%,3.2%,0.7%,0.2%,2.5%
GENESEE VALLEY CSD,ALLEGANY,565,80.2%,100.0%,112,0,0.2%,100.0%,1,565,452,0,93.9%,2.3%,1.3%,0.6%,1.5%,0.4%
HEUVELTON,SAINT LAWRENCE,555,100.0%,97.7%,0,13,7.0%,95.3%,39,529,516,13,96.8%,1.0%,1.3%,0.0%,0.0%,1.0%
NORTH COLLINS,ERIE,540,71.0%,100.0%,221,0,4.7%,76.1%,36,540,504,170,90.0%,0.5%,5.1%,0.7%,2.2%,1.5%
NEW YORK MILLS,ONEIDA,537,98.9%,52.5%,6,256,0.6%,51.4%,3,277,528,6,89.2%,3.4%,3.2%,1.9%,0.2%,2.2%
SALEM,WASHINGTON,536,83.6%,93.7%,83,34,0.0%,28.9%,0,157,422,352,95.6%,0.4%,3.7%,0.0%,0.2%,0.2%
CINCINNATUS,CORTLAND,535,89.9%,76.6%,54,125,3.2%,63.6%,17,340,464,70,97.6%,0.4%,1.3%,0.0%,0.0%,0.7%
MCGRAW,CORTLAND,531,74.0%,100.0%,138,0,0.0%,59.9%,0,318,393,213,96.1%,0.2%,1.3%,0.2%,0.0%,2.2%
MOUNT MORRIS,LIVINGSTON,525,100.0%,94.5%,0,57,2.9%,49.0%,15,505,510,468,69.0%,2.3%,26.4%,1.0%,0.0%,1.3%
GERMANTOWN,COLUMBIA,524,100.0%,100.0%,0,0,2.5%,100.0%,13,524,511,0,85.1%,1.0%,8.1%,1.0%,0.0%,4.8%
CHATEAUGAY,FRANKLIN,524,50.0%,96.6%,262,18,0.0%,96.6%,0,506,262,0,99.2%,0.2%,0.4%,0.2%,0.0%,0.0%
COPENHAGEN,LEWIS,520,81.5%,91.6%,86,36,1.1%,56.7%,5,242,375,149,93.8%,0.9%,3.0%,0.2%,0.0%,2.2%
BROCTON,CHAUTAUQUA,518,100.0%,100.0%,0,0,7.3%,96.9%,38,502,480,16,79.3%,0.6%,15.5%,0.2%,0.6%,3.8%
LA FARGEVILLE,JEFFERSON,496,84.9%,100.0%,75,0,0.0%,100.0%,0,496,421,0,92.9%,0.6%,2.4%,0.4%,0.0%,3.7%
BELLEVILLE-HENDERS,JEFFERSON,493,100.0%,73.0%,0,133,8.5%,71.4%,42,352,451,8,93.1%,0.2%,3.5%,0.8%,0.0%,2.4%
POLAND,HERKIMER,491,100.0%,100.0%,0,0,2.2%,100.0%,11,491,481,0,94.1%,0.0%,2.7%,0.2%,0.2%,2.9%
AFTON,CHENANGO,481,94.6%,89.8%,26,49,0.0%,88.1%,0,424,457,8,90.4%,3.7%,3.3%,0.6%,0.0%,1.9%
GREENBRG-NO CASTLE,WESTCHESTER,477,99.0%,100.0%,5,0,1.3%,76.0%,6,368,466,116,20.2%,34.9%,39.5%,2.8%,0.7%,1.8%
ARKPORT,STEUBEN,477,100.0%,100.0%,0,0,0.0%,100.0%,0,267,477,0,92.6%,0.2%,4.8%,1.3%,0.7%,0.4%
NORTH WARREN,WARREN,474,86.5%,93.7%,64,30,0.4%,91.4%,2,433,408,11,92.2%,0.2%,3.4%,0.4%,0.0%,3.8%
ELDRED,SULLIVAN,471,96.0%,100.0%,19,0,0.2%,100.0%,1,471,451,0,85.9%,1.3%,9.2%,0.6%,0.4%,2.6%
PINE VALLEY,CHAUTAUQUA,471,64.3%,100.0%,168,0,0.9%,96.9%,4,471,298,15,91.0%,0.4%,4.5%,0.0%,1.1%,3.0%
DEPOSIT,DELAWARE,469,100.0%,100.0%,0,0,4.9%,100.0%,23,469,446,0,93.6%,3.2%,2.3%,0.0%,0.2%,0.6%
MADISON,MADISON,463,99.8%,100.0%,1,0,11.7%,100.0%,54,463,408,0,98.0%,1.1%,0.9%,0.0%,0.0%,0.0%
ROMULUS,SENECA,447,100.0%,99.8%,0,1,9.6%,99.6%,43,446,403,1,92.0%,0.0%,3.5%,0.0%,0.0%,4.5%
ARGYLE,WASHINGTON,446,91.0%,100.0%,40,0,5.2%,100.0%,23,446,383,0,94.0%,0.7%,2.7%,0.7%,0.0%,2.0%
PANAMA,CHAUTAUQUA,443,90.2%,100.0%,44,0,1.6%,76.0%,7,636,399,201,93.3%,0.0%,3.0%,0.2%,0.2%,3.2%
GREENWOOD LAKE,ORANGE,442,100.0%,100.0%,0,0,0.5%,100.0%,2,442,440,0,63.4%,2.5%,27.1%,3.4%,0.7%,2.9%
BOQUET VALLEY CSD,ESSEX,441,96.8%,97.5%,14,11,2.7%,43.3%,12,194,414,243,97.7%,0.5%,0.2%,0.5%,0.0%,1.1%
REMSEN,ONEIDA,438,90.4%,49.3%,42,222,1.4%,49.3%,6,216,391,0,97.0%,0.0%,1.6%,0.0%,0.0%,1.4%
STOCKBRIDGE VALLEY,MADISON,434,100.0%,96.5%,0,15,5.9%,96.5%,25,419,399,0,93.5%,0.0%,2.1%,0.0%,1.3%,3.1%
HERMON-DEKALB,SAINT LAWRENCE,433,89.1%,100.0%,47,0,4.2%,100.0%,18,433,368,0,95.7%,2.4%,1.4%,0.0%,0.0%,0.5%
CHAZY,CLINTON,428,100.0%,86.4%,0,58,3.0%,86.4%,13,370,415,0,95.4%,2.4%,0.7%,1.2%,0.0%,0.2%
FORESTVILLE,CHAUTAUQUA,421,80.0%,86.7%,84,56,0.0%,86.7%,0,365,337,0,85.4%,0.7%,7.4%,0.2%,0.5%,5.7%
NORTHVILLE,FULTON,420,95.2%,100.0%,20,0,0.2%,81.4%,1,342,398,78,91.6%,1.0%,3.1%,1.0%,0.0%,3.4%
CHERRY VLY-SPRGFLD,OTSEGO,417,85.0%,99.1%,57,4,7.9%,96.7%,30,409,293,10,94.9%,0.5%,1.2%,0.0%,0.0%,3.4%
FORT EDWARD,WASHINGTON,404,99.0%,100.0%,4,0,2.5%,99.0%,10,400,390,4,90.9%,0.7%,4.2%,0.0%,0.0%,4.2%
RICHFIELD SPRINGS CSD,OTSEGO,403,91.8%,100.0%,35,0,13.1%,100.0%,56,403,337,0,94.6%,1.2%,3.2%,0.0%,0.0%,1.0%
HARTFORD,WASHINGTON,402,96.5%,76.6%,14,94,11.2%,56.2%,45,226,343,82,95.5%,0.5%,1.8%,0.3%,0.0%,2.0%
ELBA,GENESEE,401,94.0%,100.0%,24,0,3.0%,100.0%,12,401,365,0,80.6%,0.7%,16.2%,0.0%,0.7%,1.7%
SACKETS HARBOR,JEFFERSON,397,100.0%,100.0%,0,0,1.3%,100.0%,5,397,392,0,87.0%,1.0%,8.9%,0.8%,0.3%,2.0%
NEW LEBANON,COLUMBIA,395,92.3%,60.9%,31,156,0.0%,8.5%,0,34,370,209,92.6%,1.3%,2.5%,0.0%,0.0%,3.6%
LYNCOURT,ONONDAGA,391,100.0%,100.0%,0,0,2.3%,62.6%,9,391,382,234,50.6%,13.8%,10.0%,18.2%,1.8%,5.6%
HAMMONDSPORT,STEUBEN,389,98.5%,100.0%,6,0,3.1%,100.0%,12,389,371,0,94.3%,0.3%,1.5%,0.0%,0.0%,3.9%
EAST QUOGUE,SUFFOLK,384,100.0%,100.0%,0,0,0.0%,100.0%,0,384,384,0,64.3%,0.8%,31.8%,0.5%,0.0%,2.6%
CHARLOTTE VALLEY,DELAWARE,378,100.0%,89.8%,0,38,3.2%,73.2%,12,273,366,62,91.8%,0.5%,5.2%,0.0%,0.0%,2.6%
JASPER-TRPSBRG,STEUBEN,377,91.0%,100.0%,34,0,0.0%,94.2%,0,355,343,22,98.6%,0.0%,0.0%,0.3%,0.8%,0.3%
COLTON PIERREPONT,SAINT LAWRENCE,377,85.4%,100.0%,55,0,2.7%,100.0%,10,377,312,0,99.7%,0.0%,0.0%,0.3%,0.0%,0.0%
HINSDALE,CATTARAUGUS,375,90.6%,100.0%,36,0,7.6%,100.0%,29,375,317,0,93.1%,0.8%,1.6%,0.8%,0.0%,3.7%
CLYMER,CHAUTAUQUA,374,99.2%,100.0%,3,0,0.0%,100.0%,0,361,371,0,92.7%,1.0%,2.4%,0.8%,0.0%,3.1%
WYNANTSKILL,RENSSELAER,369,100.0%,100.0%,0,0,0.0%,100.0%,0,369,369,0,89.5%,1.1%,1.6%,2.2%,0.0%,5.7%
AVOCA,STEUBEN,366,84.2%,100.0%,58,0,4.1%,100.0%,15,366,293,0,92.9%,0.8%,2.5%,0.0%,0.3%,3.6%
PARISHVL HOPKINTON,SAINT LAWRENCE,362,99.7%,100.0%,1,0,1.7%,100.0%,6,323,356,0,98.6%,0.0%,0.0%,0.3%,1.1%,0.0%
PRATTSBURGH,STEUBEN,360,95.8%,100.0%,15,0,0.0%,100.0%,0,360,345,0,92.8%,1.7%,0.6%,0.6%,0.0%,4.5%
MILFORD,OTSEGO,358,90.9%,100.0%,36,0,9.1%,100.0%,36,358,322,0,93.9%,1.4%,1.7%,0.9%,0.0%,2.0%
HUNTER TANNERSVL,GREENE,357,100.0%,96.9%,0,11,1.1%,52.4%,4,187,353,159,81.0%,0.6%,13.0%,2.3%,0.0%,3.1%
DERUYTER,MADISON,342,89.5%,100.0%,36,0,1.5%,100.0%,5,342,301,0,92.6%,1.5%,3.5%,0.0%,0.0%,2.4%
EDMESTON,OTSEGO,342,94.7%,95.3%,18,16,0.0%,67.5%,0,231,324,95,94.7%,0.9%,1.8%,1.8%,0.0%,0.9%
POCANTICO HILLS,WESTCHESTER,338,100.0%,100.0%,0,0,0.0%,100.0%,0,338,338,0,40.5%,10.7%,25.9%,15.9%,0.3%,6.8%
BELFAST,ALLEGANY,336,41.4%,100.0%,197,0,2.4%,95.5%,8,321,131,15,96.7%,0.6%,0.9%,0.0%,0.0%,1.8%
MONTAUK,SUFFOLK,331,100.0%,100.0%,0,0,0.0%,100.0%,0,207,331,0,67.4%,2.1%,25.7%,0.9%,0.0%,3.9%
LYME,JEFFERSON,331,100.0%,100.0%,0,0,4.2%,100.0%,14,331,318,0,91.9%,2.7%,3.3%,0.6%,0.0%,1.5%
WORCESTER,OTSEGO,331,96.0%,100.0%,14,0,14.3%,85.2%,50,264,285,46,96.1%,0.6%,3.2%,0.0%,0.0%,0.0%
MORRISTOWN,SAINT LAWRENCE,330,95.8%,98.8%,14,4,2.1%,94.5%,7,312,309,14,95.4%,0.0%,3.1%,0.0%,0.0%,1.5%
MARGARETVILLE,DELAWARE,328,100.0%,98.2%,0,6,0.0%,98.2%,0,322,328,0,70.4%,0.6%,24.5%,1.8%,0.3%,2.4%
CROWN POINT,ESSEX,321,93.5%,89.4%,21,36,0.0%,12.1%,0,41,300,262,99.1%,0.0%,0.0%,0.9%,0.0%,0.0%
GLBTSVLLE-MT UPTON,OTSEGO,315,98.4%,100.0%,5,0,0.0%,100.0%,0,315,310,0,96.1%,0.3%,1.0%,0.0%,0.0%,2.6%
MORRIS,OTSEGO,311,99.4%,94.8%,2,16,6.4%,75.2%,20,233,289,61,92.9%,0.3%,2.3%,2.3%,0.0%,2.3%
HANCOCK,DELAWARE,307,99.7%,100.0%,1,0,3.9%,100.0%,12,307,294,0,91.3%,2.3%,5.2%,1.0%,0.3%,0.0%
MENANDS,ALBANY,306,100.0%,100.0%,0,0,4.2%,100.0%,13,306,293,0,22.3%,35.5%,7.1%,29.4%,0.6%,5.2%
SOUTH KORTRIGHT,DELAWARE,304,92.4%,59.9%,23,122,0.0%,0.0%,0,0,281,182,96.1%,1.3%,1.6%,0.3%,0.0%,0.6%
WINDHAM ASHLAND,GREENE,303,96.4%,100.0%,11,0,0.0%,54.1%,0,164,292,139,83.4%,1.0%,6.0%,3.0%,0.0%,6.6%
JOHNSBURG,WARREN,303,95.7%,100.0%,13,0,0.0%,100.0%,0,303,290,0,97.4%,0.7%,0.7%,0.7%,0.0%,0.7%
GRGETWN-SO OTSELIC,CHENANGO,302,85.4%,100.0%,44,0,0.0%,95.4%,0,288,258,14,97.7%,0.0%,2.0%,0.3%,0.0%,0.0%
LAURENS,OTSEGO,295,72.5%,89.8%,81,28,0.0%,13.1%,0,36,214,211,90.6%,2.4%,6.6%,0.3%,0.0%,0.0%
GILBOA CONESVILLE,SCHOHARIE,293,39.1%,89.1%,14,32,39.1%,48.5%,9,142,0,119,96.3%,1.4%,1.0%,1.0%,0.0%,0.3%
FRIENDSHIP,ALLEGANY,291,95.5%,100.0%,13,0,1.7%,99.3%,5,289,273,2,89.4%,0.4%,2.8%,0.0%,0.0%,7.4%
TUCKAHOE COMMON,SUFFOLK,288,100.0%,100.0%,0,0,0.0%,100.0%,0,288,288,0,25.6%,3.5%,57.4%,2.1%,6.6%,4.8%
SCHENEVUS,OTSEGO,287,97.8%,96.3%,6,11,18.1%,92.6%,50,276,220,11,95.1%,2.1%,1.0%,0.0%,0.0%,1.7%
SCIO,ALLEGANY,283,61.5%,100.0%,109,0,0.0%,100.0%,0,283,174,0,96.2%,0.9%,0.9%,0.0%,0.3%,1.6%
STAMFORD,DELAWARE,276,97.1%,100.0%,8,0,0.7%,100.0%,2,276,266,0,90.8%,3.2%,4.0%,0.8%,0.4%,0.8%
CLIFTON FINE,SAINT LAWRENCE,266,100.0%,99.6%,0,1,3.0%,99.3%,8,266,258,1,93.3%,1.1%,1.5%,1.9%,0.0%,2.2%
ROXBURY,DELAWARE,261,67.0%,100.0%,86,0,0.0%,100.0%,0,261,175,0,93.6%,1.6%,2.8%,0.0%,0.0%,2.0%
TOWN OF WEBB,HERKIMER,257,92.2%,95.5%,20,12,0.0%,73.6%,0,195,237,58,95.7%,1.2%,1.2%,0.8%,0.4%,0.8%
ANDOVER,ALLEGANY,255,89.0%,100.0%,28,0,0.0%,100.0%,0,255,227,0,96.9%,0.4%,0.4%,0.8%,0.0%,1.6%
ST REGIS FALLS,FRANKLIN,254,52.0%,61.5%,122,182,3.9%,46.3%,10,219,122,72,93.3%,0.4%,1.2%,0.0%,2.0%,3.1%
MT PLEASANT-COTTAG,WESTCHESTER,250,100.0%,100.0%,0,0,100.0%,100.0%,250,250,0,0,8.5%,57.8%,28.0%,0.9%,0.0%,4.7%
HAWTHORNE KNOLLS,WESTCHESTER,250,98.4%,92.0%,4,20,0.0%,92.0%,0,230,246,0,11.5%,38.5%,47.0%,2.0%,0.0%,1.0%
GREEN ISLAND,ALBANY,249,100.0%,94.4%,0,14,0.4%,94.4%,1,237,248,0,79.7%,8.7%,2.1%,0.0%,0.0%,9.5%
WILLSBORO,ESSEX,247,47.5%,100.0%,31,0,8.5%,82.4%,5,173,23,37,91.8%,0.0%,2.4%,0.0%,0.0%,5.7%
SHELTER ISLAND,SUFFOLK,239,100.0%,100.0%,0,0,0.0%,100.0%,0,239,239,0,67.8%,2.3%,24.3%,0.9%,0.9%,3.7%
HAMMOND,SAINT LAWRENCE,239,100.0%,100.0%,0,0,21.8%,85.2%,52,184,187,32,97.9%,0.4%,0.0%,0.0%,0.0%,1.7%
TUXEDO,ORANGE,237,100.0%,100.0%,0,0,0.0%,100.0%,0,237,237,0,59.9%,8.9%,25.7%,3.8%,0.0%,1.7%
ROSCOE,SULLIVAN,236,87.3%,79.2%,30,49,0.4%,64.8%,1,153,205,34,85.5%,1.3%,12.3%,0.0%,0.9%,0.0%
DOWNSVILLE,DELAWARE,235,100.0%,100.0%,0,0,5.5%,100.0%,13,235,222,0,91.1%,2.5%,4.6%,0.4%,0.0%,1.3%
FRANKLIN,DELAWARE,231,100.0%,66.4%,0,78,4.3%,0.4%,10,1,221,153,91.1%,3.0%,3.8%,0.4%,0.4%,1.3%
SHARON SPRINGS,SCHOHARIE,230,73.5%,53.9%,61,106,23.9%,53.9%,55,124,114,0,92.4%,0.0%,4.4%,1.3%,0.0%,1.8%
BRADFORD,SCHUYLER,229,100.0%,100.0%,0,0,25.8%,93.0%,59,213,170,16,98.3%,0.0%,1.3%,0.0%,0.0%,0.4%
BRIDGEHAMPTON,SUFFOLK,218,98.2%,100.0%,4,0,3.1%,50.0%,7,218,214,218,24.4%,17.4%,51.6%,0.5%,0.0%,6.1%
SCHROON LAKE,ESSEX,210,92.9%,100.0%,15,0,0.0%,93.3%,0,196,195,14,98.0%,0.0%,1.5%,0.5%,0.0%,0.0%
BROOKFIELD,MADISON,204,96.7%,100.0%,7,0,3.3%,100.0%,7,204,197,0,99.0%,0.0%,0.5%,0.0%,0.0%,0.5%
GREENBURGH-GRAHAM,WESTCHESTER,200,76.0%,100.0%,48,0,30.0%,62.5%,60,125,92,75,20.0%,52.3%,23.1%,1.5%,0.0%,3.1%
GARRISON,PUTNAM,198,100.0%,100.0%,0,0,0.0%,68.2%,0,135,198,63,72.1%,2.0%,16.8%,2.5%,0.0%,6.6%
CANASERAGA,ALLEGANY,196,65.4%,100.0%,72,0,0.0%,100.0%,0,196,136,0,93.4%,0.0%,6.1%,0.5%,0.0%,0.0%
WEST VALLEY,CATTARAUGUS,196,80.6%,100.0%,38,0,4.1%,100.0%,8,196,150,0,94.9%,0.0%,2.0%,0.0%,0.5%,2.5%
JEFFERSON,SCHOHARIE,193,78.5%,63.4%,42,71,0.0%,28.4%,0,55,153,68,95.5%,0.0%,1.7%,0.0%,0.0%,2.8%
KIRYAS JOEL,ORANGE,188,11.2%,4.8%,167,179,1.1%,2.7%,2,5,19,4,100.0%,0.0%,0.0%,0.0%,0.0%,0.0%
BOLTON,WARREN,181,93.9%,100.0%,11,0,0.0%,100.0%,0,181,170,0,92.3%,2.2%,2.7%,2.7%,0.0%,0.0%
RANDOLPH ACAD UFSD,CATTARAUGUS,174,100.0%,60.9%,0,68,3.4%,29.9%,6,52,168,54,68.4%,6.5%,8.4%,1.9%,5.2%,9.7%
VAN HORNSVILLE,HERKIMER,171,39.8%,98.2%,103,3,5.8%,97.7%,10,167,58,1,97.0%,0.0%,2.4%,0.0%,0.0%,0.6%
WHITESVILLE,ALLEGANY,170,88.1%,92.4%,20,13,0.0%,92.4%,0,157,148,0,95.8%,0.0%,4.2%,0.0%,0.0%,0.0%
GEORGE JR REPUBLIC,TOMPKINS,162,14.8%,3.7%,138,156,0.0%,0.6%,0,1,24,5,66.0%,21.4%,8.8%,0.0%,1.9%,1.9%
KEENE,ESSEX,157,100.0%,100.0%,0,0,0.0%,100.0%,0,152,157,0,90.4%,1.3%,4.5%,0.6%,1.3%,1.9%
GLENS FALLS COM,WARREN,152,97.4%,100.0%,4,0,0.0%,100.0%,0,152,148,0,77.6%,1.3%,7.2%,0.7%,0.0%,13.2%
GREENBURGH 11,WESTCHESTER,149,96.8%,100.0%,5,0,3.2%,96.6%,5,144,144,5,6.6%,44.7%,47.4%,0.0%,0.0%,1.3%
REMSENBURG,SUFFOLK,149,100.0%,100.0%,0,0,0.0%,100.0%,0,149,149,0,73.3%,0.7%,16.7%,1.3%,0.0%,8.0%
WELLS,HAMILTON,148,100.0%,100.0%,0,0,1.4%,100.0%,2,148,146,0,97.9%,1.4%,0.7%,0.0%,0.0%,0.0%
RIPLEY,CHAUTAUQUA,144,100.0%,79.2%,0,30,11.1%,79.2%,16,114,128,0,93.0%,2.8%,4.2%,0.0%,0.0%,0.0%
AMAGANSETT,SUFFOLK,132,100.0%,100.0%,0,0,50.4%,100.0%,132,132,130,0,77.4%,0.8%,18.8%,3.0%,0.0%,0.0%
QUOGUE,SUFFOLK,123,100.0%,100.0%,0,0,0.0%,100.0%,0,123,123,0,81.7%,0.0%,13.3%,3.3%,0.0%,1.7%
WYOMING,WYOMING,123,91.8%,100.0%,10,0,0.0%,100.0%,0,12,112,0,99.2%,0.0%,0.0%,0.0%,0.8%,0.0%
MT PLSNT-BLYTHEDLE,WESTCHESTER,121,100.0%,100.0%,0,0,0.0%,11.5%,0,14,121,108,32.1%,22.4%,41.8%,3.7%,0.0%,0.0%
WHEELERVILLE,FULTON,117,97.4%,100.0%,3,0,0.9%,100.0%,1,117,113,0,96.6%,0.0%,0.9%,1.7%,0.0%,0.9%
MINERVA,ESSEX,113,95.6%,100.0%,5,0,0.0%,58.9%,0,113,108,79,95.6%,0.0%,3.5%,0.0%,0.0%,0.9%
INDIAN LAKE,HAMILTON,111,85.6%,100.0%,16,0,0.0%,84.7%,0,94,95,17,96.3%,0.9%,0.9%,0.0%,0.0%,1.9%
LITTLE FLOWER,SUFFOLK,108,100.0%,1.8%,0,108,0.0%,1.8%,0,2,108,0,46.9%,28.1%,22.9%,0.0%,0.0%,2.1%
OYSTERPONDS,SUFFOLK,94,100.0%,100.0%,0,0,0.0%,100.0%,0,94,94,0,70.1%,0.9%,20.6%,0.9%,0.0%,7.5%
LAKE PLEASANT,HAMILTON,80,100.0%,100.0%,0,0,0.0%,100.0%,0,80,80,0,97.5%,0.0%,0.0%,0.0%,0.0%,2.5%
NEWCOMB,ESSEX,74,100.0%,100.0%,0,0,0.0%,100.0%,0,74,74,0,93.2%,1.4%,2.7%,2.7%,0.0%,0.0%
LONG LAKE,HAMILTON,68,100.0%,100.0%,0,0,0.0%,100.0%,0,68,68,0,88.1%,3.0%,6.0%,0.0%,0.0%,3.0%
FISHERS ISLAND,SUFFOLK,67,100.0%,92.5%,0,5,0.0%,73.1%,0,49,67,13,85.1%,4.5%,3.0%,0.0%,0.0%,7.5%
ANDES,DELAWARE,61,100.0%,100.0%,0,0,0.0%,100.0%,0,61,61,0,95.1%,1.6%,3.3%,0.0%,0.0%,0.0%
PUTNAM,WASHINGTON,59,43.7%,81.6%,58,18,43.7%,60.2%,45,59,0,21,94.7%,0.0%,5.3%,0.0%,0.0%,0.0%
EDINBURG COMMON SD,SARATOGA,59,100.0%,100.0%,0,0,0.0%,74.6%,0,44,59,15,96.7%,0.0%,1.7%,0.0%,0.0%,1.7%
FIRE ISLAND,SUFFOLK,47,100.0%,100.0%,0,0,0.0%,100.0%,0,47,47,0,76.6%,4.3%,10.6%,4.3%,0.0%,4.3%
WAINSCOTT,SUFFOLK,26,100.0%,100.0%,0,0,0.0%,100.0%,0,26,26,0,40.0%,0.0%,52.0%,0.0%,0.0%,8.0%
SAGAPONACK,SUFFOLK,16,100.0%,100.0%,0,0,0.0%,100.0%,0,16,16,0,93.8%,0.0%,6.3%,0.0%,0.0%,0.0%
NEW SUFFOLK,SUFFOLK,15,100.0%,100.0%,0,0,0.0%,100.0%,0,15,15,0,78.6%,0.0%,21.4%,0.0%,0.0%,0.0%
NO GREENBUSH COM,RENSSELAER,14,100.0%,100.0%,0,0,0.0%,100.0%,0,14,14,0,92.9%,0.0%,7.1%,0.0%,0.0%,0.0%
